Nom,CAC All-Tradable Gross Return
ISIN,QS0011131891
Symbole,CACTR
Source,https://markets.ft.com/data/indices/tearsheet/summary?s=CACTR%3APAR
Date,Close
2008-08-11,5283.01
2008-08-12,5261.6
2008-08-13,5128.31
2008-08-14,5147.11
2008-08-15,5187.23
2008-08-18,5179.34
2008-08-19,5041.15
2008-08-20,5076.54
2008-08-21,5010.52
2008-08-22,5121.93
2008-08-25,5072.11
2008-08-26,5088.11
2008-08-27,5093.96
2008-08-28,5191.45
2008-08-29,5220.24
2008-09-01,5206.35
2008-09-02,5284.84
2008-09-03,5185.19
2008-09-04,5025.68
2008-09-05,4901.72
2008-09-08,5070.31
2008-09-09,5013.16
2008-09-10,4998.48
2008-09-11,4954.91
2008-09-12,5047.96
2008-09-15,4867.5
2008-09-16,4779.71
2008-09-17,4679.92
2008-09-18,4632.13
2008-09-19,5042.2
2008-09-22,4931.86
2008-09-23,4834.38
2008-09-24,4802.63
2008-09-25,4918.6
2008-09-26,4839.65
2008-09-29,4602.91
2008-09-30,4691.81
2008-10-01,4713.84
2008-10-02,4612.65
2008-10-03,4729.51
2008-10-06,4311.01
2008-10-07,4313.19
2008-10-08,4053.06
2008-10-09,3995.99
2008-10-10,3697.09
2008-10-13,4094.97
2008-10-14,4212.18
2008-10-15,3931.3
2008-10-16,3704.98
2008-10-17,3857.88
2008-10-20,3986.04
2008-10-21,4017.0
2008-10-22,3822.68
2008-10-23,3827.72
2008-10-24,3686.26
2008-10-27,3541.49
2008-10-28,3596.14
2008-10-29,3908.34
2008-10-30,3928.17
2008-10-31,4017.61
2008-11-03,4067.1
2008-11-04,4252.89
2008-11-05,4170.11
2008-11-06,3908.26
2008-11-07,3994.1
2008-11-10,4040.75
2008-11-11,3860.07
2008-11-12,3751.13
2008-11-13,3780.04
2008-11-14,3820.51
2008-11-17,3699.99
2008-11-18,3731.93
2008-11-19,3585.46
2008-11-20,3462.09
2008-11-21,3353.19
2008-11-24,3674.46
2008-11-25,3720.14
2008-11-26,3679.01
2008-11-27,3769.99
2008-11-28,3786.02
2008-12-01,3583.52
2008-12-02,3660.33
2008-12-03,3676.62
2008-12-04,3671.2
2008-12-05,3482.77
2008-12-08,3764.28
2008-12-09,3822.94
2008-12-10,3850.43
2008-12-11,3838.45
2008-12-12,3736.45
2008-12-15,3711.58
2008-12-16,3782.36
2008-12-17,3768.04
2008-12-18,3758.81
2008-12-19,3746.74
2008-12-22,3661.12
2008-12-23,3641.08
2008-12-24,3625.37
2008-12-29,3645.33
2008-12-30,3738.01
2008-12-31,3743.08
2009-01-02,3894.96
2009-01-05,3916.1
2009-01-06,3960.6
2009-01-07,3904.92
2009-01-08,3877.94
2009-01-09,3851.43
2009-01-12,3789.19
2009-01-13,3731.48
2009-01-14,3566.93
2009-01-15,3506.05
2009-01-16,3528.91
2009-01-19,3501.47
2009-01-20,3424.67
2009-01-21,3403.76
2009-01-22,3367.37
2009-01-23,3338.72
2009-01-26,3457.89
2009-01-27,3459.71
2009-01-28,3597.72
2009-01-29,3526.16
2009-01-30,3490.39
2009-02-02,3432.66
2009-02-03,3490.16
2009-02-04,3587.1
2009-02-05,3587.26
2009-02-06,3655.51
2009-02-09,3670.71
2009-02-10,3546.88
2009-02-11,3552.71
2009-02-12,3479.78
2009-02-13,3514.63
2009-02-16,3477.55
2009-02-17,3376.44
2009-02-18,3369.38
2009-02-19,3369.38
2009-02-20,3231.61
2009-02-23,3199.29
2009-02-24,3171.54
2009-02-25,3165.4
2009-02-26,3219.55
2009-02-27,3177.32
2009-03-02,3039.32
2009-03-03,3005.04
2009-03-04,3142.11
2009-03-05,3024.1
2009-03-06,2980.22
2009-03-09,2962.3
2009-03-10,3123.03
2009-03-11,3134.49
2009-03-12,3159.51
2009-03-13,3169.15
2009-03-16,3265.54
2009-03-17,3239.04
2009-03-18,3234.52
2009-03-19,3252.33
2009-03-20,3268.56
2009-03-23,3353.22
2009-03-24,3361.14
2009-03-25,3381.17
2009-03-26,3381.49
2009-03-27,3326.42
2009-03-30,3192.21
2009-03-31,3292.77
2009-04-01,3332.97
2009-04-02,3502.42
2009-04-03,3471.3
2009-04-06,3445.09
2009-04-07,3412.68
2009-04-08,3433.34
2009-04-09,3500.9
2009-04-14,3533.48
2009-04-15,3520.99
2009-04-16,3580.86
2009-04-17,3643.6
2009-04-20,3500.35
2009-04-21,3508.09
2009-04-22,3569.43
2009-04-23,3572.92
2009-04-24,3678.23
2009-04-27,3677.14
2009-04-28,3619.1
2009-04-29,3695.73
2009-04-30,3748.62
2009-05-04,3847.59
2009-05-05,3839.11
2009-05-06,3910.52
2009-05-07,3880.3
2009-05-08,3947.13
2009-05-11,3872.76
2009-05-12,3860.88
2009-05-13,3773.83
2009-05-14,3777.47
2009-05-15,3795.87
2009-05-18,3881.23
2009-05-19,3932.82
2009-05-20,3975.6
2009-05-21,3878.2
2009-05-22,3893.9
2009-05-25,3901.63
2009-05-26,3938.91
2009-05-27,3978.83
2009-05-28,3942.61
2009-05-29,3962.59
2009-06-01,4081.47
2009-06-02,4090.5
2009-06-03,4016.91
2009-06-04,4018.83
2009-06-05,4049.66
2009-06-08,3992.7
2009-06-09,4000.02
2009-06-10,4025.42
2009-06-11,4050.46
2009-06-12,4042.19
2009-06-15,3920.96
2009-06-16,3912.21
2009-06-17,3844.89
2009-06-18,3877.9
2009-06-19,3911.68
2009-06-22,3793.94
2009-06-23,3785.13
2009-06-24,3866.05
2009-06-25,3847.99
2009-06-26,3816.21
2009-06-29,3888.42
2009-06-30,3834.77
2009-07-01,3922.56
2009-07-02,3809.71
2009-07-03,3810.92
2009-07-06,3767.15
2009-07-07,3729.73
2009-07-08,3678.8
2009-07-09,3697.33
2009-07-10,3649.38
2009-07-13,3728.1
2009-07-14,3764.07
2009-07-15,3867.01
2009-07-16,3900.08
2009-07-17,3921.77
2009-07-20,3980.85
2009-07-21,4019.04
2009-07-22,4023.25
2009-07-23,4102.24
2009-07-24,4094.05
2009-07-27,4104.32
2009-07-28,4056.52
2009-07-29,4096.45
2009-07-30,4182.81
2009-07-31,4181.43
2009-08-03,4241.45
2009-08-04,4239.61
2009-08-05,4223.03
2009-08-06,4248.07
2009-08-07,4296.02
2009-08-10,4283.02
2009-08-11,4223.79
2009-08-12,4280.85
2009-08-13,4303.15
2009-08-14,4272.43
2009-08-17,4181.87
2009-08-18,4218.49
2009-08-19,4215.42
2009-08-20,4279.3
2009-08-21,4403.98
2009-08-24,4452.79
2009-08-25,4488.62
2009-08-26,4480.35
2009-08-27,4458.16
2009-08-28,4518.02
2009-08-31,4469.46
2009-09-01,4386.07
2009-09-02,4367.17
2009-09-03,4351.9
2009-09-04,4407.53
2009-09-07,4476.42
2009-09-08,4492.26
2009-09-09,4548.14
2009-09-10,4549.41
2009-09-11,4582.14
2009-09-14,4575.61
2009-09-15,4604.22
2009-09-16,4681.96
2009-09-17,4708.48
2009-09-18,4701.34
2009-09-21,4680.78
2009-09-22,4695.25
2009-09-23,4695.19
2009-09-24,4619.74
2009-09-25,4597.98
2009-09-28,4697.73
2009-09-29,4688.22
2009-09-30,4671.53
2009-10-01,4583.47
2009-10-02,4493.79
2009-10-05,4527.25
2009-10-06,4640.93
2009-10-07,4630.82
2009-10-08,4693.55
2009-10-09,4687.48
2009-10-12,4742.63
2009-10-13,4688.97
2009-10-14,4784.46
2009-10-15,4784.39
2009-10-16,4719.51
2009-10-19,4792.45
2009-10-20,4765.82
2009-10-21,4766.55
2009-10-22,4701.13
2009-10-23,4686.64
2009-10-26,4604.17
2009-10-27,4596.59
2009-10-28,4491.67
2009-10-29,4559.31
2009-10-30,4434.8
2009-11-02,4470.09
2009-11-03,4406.55
2009-11-04,4512.52
2009-11-05,4554.24
2009-11-06,4556.08
2009-11-09,4646.55
2009-11-10,4639.35
2009-11-11,4672.34
2009-11-12,4665.23
2009-11-13,4674.72
2009-11-16,4745.28
2009-11-17,4705.14
2009-11-18,4703.04
2009-11-19,4620.82
2009-11-20,4584.63
2009-11-23,4678.4
2009-11-24,4645.89
2009-11-25,4672.79
2009-11-26,4517.3
2009-11-27,4569.32
2009-11-30,4517.14
2009-12-01,4629.28
2009-12-02,4653.95
2009-12-03,4659.13
2009-12-04,4710.88
2009-12-07,4705.33
2009-12-08,4642.48
2009-12-09,4607.5
2009-12-10,4652.55
2009-12-11,4662.32
2009-12-14,4695.4
2009-12-15,4707.73
2009-12-16,4759.19
2009-12-17,4706.66
2009-12-18,4664.48
2009-12-21,4753.0
2009-12-22,4783.07
2009-12-23,4797.64
2009-12-24,4798.75
2009-12-28,4836.24
2009-12-29,4854.63
2009-12-30,4827.77
2009-12-31,4829.77
2010-01-04,4924.63
2010-01-05,4929.07
2010-01-06,4937.09
2010-01-07,4945.48
2010-01-08,4971.26
2010-01-11,4970.91
2010-01-12,4917.99
2010-01-13,4920.42
2010-01-14,4939.92
2010-01-15,4873.19
2010-01-18,4900.17
2010-01-19,4934.69
2010-01-20,4845.7
2010-01-21,4768.29
2010-01-22,4717.51
2010-01-25,4676.29
2010-01-26,4703.71
2010-01-27,4650.47
2010-01-28,4575.37
2010-01-29,4633.35
2010-02-01,4663.03
2010-02-02,4724.26
2010-02-03,4702.86
2010-02-04,4576.16
2010-02-05,4428.79
2010-02-08,4472.01
2010-02-09,4479.47
2010-02-10,4508.54
2010-02-11,4485.91
2010-02-12,4463.31
2010-02-15,4473.33
2010-02-16,4541.35
2010-02-17,4613.25
2010-02-18,4640.59
2010-02-19,4665.03
2010-02-22,4652.3
2010-02-23,4596.34
2010-02-24,4606.97
2010-02-25,4522.09
2010-02-26,4603.67
2010-03-01,4676.83
2010-03-02,4727.11
2010-03-03,4764.43
2010-03-04,4751.62
2010-03-05,4843.88
2010-03-08,4836.22
2010-03-09,4840.38
2010-03-10,4881.71
2010-03-11,4865.13
2010-03-12,4864.99
2010-03-15,4823.05
2010-03-16,4881.21
2010-03-17,4905.71
2010-03-18,4886.22
2010-03-19,4874.02
2010-03-22,4875.8
2010-03-23,4905.31
2010-03-24,4904.7
2010-03-25,4964.27
2010-03-26,4954.27
2010-03-29,4968.73
2010-03-30,4950.7
2010-03-31,4937.37
2010-04-01,5011.18
2010-04-06,5038.8
2010-04-07,5006.97
2010-04-08,4949.86
2010-04-09,5033.52
2010-04-12,5034.07
2010-04-13,5012.53
2010-04-14,5045.32
2010-04-15,5059.54
2010-04-16,4967.94
2010-04-19,4945.68
2010-04-20,5013.39
2010-04-21,4962.44
2010-04-22,4901.45
2010-04-23,4936.1
2010-04-26,4988.52
2010-04-27,4815.18
2010-04-28,4737.29
2010-04-29,4808.64
2010-04-30,4785.05
2010-05-03,4806.16
2010-05-04,4649.61
2010-05-05,4588.07
2010-05-06,4509.05
2010-05-07,4311.22
2010-05-10,4704.77
2010-05-11,4673.13
2010-05-12,4739.27
2010-05-13,4737.25
2010-05-14,4540.14
2010-05-17,4513.95
2010-05-18,4602.94
2010-05-19,4480.02
2010-05-20,4396.68
2010-05-21,4396.58
2010-05-24,4395.37
2010-05-25,4265.46
2010-05-26,4365.57
2010-05-27,4527.41
2010-05-28,4517.43
2010-05-31,4515.97
2010-06-01,4508.84
2010-06-02,4507.12
2010-06-03,4581.48
2010-06-04,4459.0
2010-06-07,4406.28
2010-06-08,4362.57
2010-06-09,4449.79
2010-06-10,4539.66
2010-06-11,4583.62
2010-06-14,4679.43
2010-06-15,4723.47
2010-06-16,4737.99
2010-06-17,4749.12
2010-06-18,4753.7
2010-06-21,4812.06
2010-06-22,4772.91
2010-06-23,4697.36
2010-06-24,4591.05
2010-06-25,4548.91
2010-06-28,4617.24
2010-06-29,4442.73
2010-06-30,4453.48
2010-07-01,4328.21
2010-07-02,4340.9
2010-07-05,4322.22
2010-07-06,4435.02
2010-07-07,4506.47
2010-07-08,4575.13
2010-07-09,4595.52
2010-07-12,4614.52
2010-07-13,4701.9
2010-07-14,4696.82
2010-07-15,4635.25
2010-07-16,4536.87
2010-07-19,4517.76
2010-07-20,4495.69
2010-07-21,4533.24
2010-07-22,4662.27
2010-07-23,4672.9
2010-07-26,4711.57
2010-07-27,4743.52
2010-07-28,4745.08
2010-07-29,4725.03
2010-07-30,4712.46
2010-08-02,4843.41
2010-08-03,4837.86
2010-08-04,4849.29
2010-08-05,4852.57
2010-08-06,4794.19
2010-08-09,4867.36
2010-08-10,4810.05
2010-08-11,4681.2
2010-08-12,4669.71
2010-08-13,4660.49
2010-08-16,4646.2
2010-08-17,4728.87
2010-08-18,4713.74
2010-08-19,4624.66
2010-08-20,4565.59
2010-08-23,4599.33
2010-08-24,4522.37
2010-08-25,4473.16
2010-08-26,4508.44
2010-08-27,4547.18
2010-08-30,4532.0
2010-08-31,4536.59
2010-09-01,4696.24
2010-09-02,4709.13
2010-09-03,4759.4
2010-09-06,4778.53
2010-09-07,4728.5
2010-09-08,4768.9
2010-09-09,4825.91
2010-09-10,4833.83
2010-09-13,4885.06
2010-09-14,4892.65
2010-09-15,4871.37
2010-09-16,4847.45
2010-09-17,4831.58
2010-09-20,4913.98
2010-09-21,4912.93
2010-09-22,4850.93
2010-09-23,4819.88
2010-09-24,4907.22
2010-09-27,4889.92
2010-09-28,4888.68
2010-09-29,4859.96
2010-09-30,4835.03
2010-10-01,4809.55
2010-10-04,4762.19
2010-10-05,4862.63
2010-10-06,4904.03
2010-10-07,4910.55
2010-10-08,4900.05
2010-10-11,4911.36
2010-10-12,4889.47
2010-10-13,4986.67
2010-10-14,4977.97
2010-10-15,4986.84
2010-10-18,4994.6
2010-10-19,4962.53
2010-10-20,4986.3
2010-10-21,5049.81
2010-10-22,5041.06
2010-10-25,5054.63
2010-10-26,5026.88
2010-10-27,4979.19
2010-10-28,5001.93
2010-10-29,4997.88
2010-11-01,5010.82
2010-11-02,5043.18
2010-11-03,5016.62
2010-11-04,5103.88
2010-11-05,5106.35
2010-11-08,5101.38
2010-11-09,5144.51
2010-11-10,5078.18
2010-11-11,5044.56
2010-11-12,5016.4
2010-11-15,5060.83
2010-11-16,4931.63
2010-11-17,4966.66
2010-11-18,5057.78
2010-11-19,5049.82
2010-11-22,4999.49
2010-11-23,4884.69
2010-11-24,4917.76
2010-11-25,4935.01
2010-11-26,4900.9
2010-11-29,4788.59
2010-11-30,4758.51
2010-12-01,4844.82
2010-12-02,4950.16
2010-12-03,4952.0
2010-12-06,4951.88
2010-12-07,5027.11
2010-12-08,5050.2
2010-12-09,5076.74
2010-12-10,5076.15
2010-12-13,5119.9
2010-12-14,5132.99
2010-12-15,5106.88
2010-12-16,5117.45
2010-12-17,5098.91
2010-12-20,5119.98
2010-12-21,5174.08
2010-12-22,5170.44
2010-12-23,5159.28
2010-12-24,5142.96
2010-12-27,5094.7
2010-12-28,5090.52
2010-12-29,5131.73
2010-12-30,5085.61
2010-12-31,5032.1
2011-01-03,5150.43
2011-01-04,5173.28
2011-01-05,5158.95
2011-01-06,5161.9
2011-01-07,5119.12
2011-01-10,5040.05
2011-01-11,5117.89
2011-01-12,5210.5
2011-01-13,5238.25
2011-01-14,5247.13
2011-01-17,5236.65
2011-01-18,5285.11
2011-01-19,5237.96
2011-01-20,5211.17
2011-01-21,5272.87
2011-01-24,5287.41
2011-01-25,5273.23
2011-01-26,5316.99
2011-01-27,5331.77
2011-01-28,5265.42
2011-01-31,5261.8
2011-02-01,5346.85
2011-02-02,5338.88
2011-02-03,5305.12
2011-02-04,5321.25
2011-02-07,5376.94
2011-02-08,5402.12
2011-02-09,5379.72
2011-02-10,5377.36
2011-02-11,5387.08
2011-02-14,5387.08
2011-02-15,5398.92
2011-02-16,5446.59
2011-02-17,5446.12
2011-02-18,5452.69
2011-02-21,5378.38
2011-02-22,5319.48
2011-02-23,5270.51
2011-02-24,5263.1
2011-02-25,5348.69
2011-02-28,5403.11
2011-03-01,5355.5
2011-03-02,5311.27
2011-03-03,5344.56
2011-03-04,5297.44
2011-03-07,5265.3
2011-03-08,5294.17
2011-03-09,5270.42
2011-03-10,5227.8
2011-03-11,5177.28
2011-03-14,5110.77
2011-03-15,4986.93
2011-03-16,4882.42
2011-03-17,4995.3
2011-03-18,5029.34
2011-03-21,5151.1
2011-03-22,5134.22
2011-03-23,5160.14
2011-03-24,5231.71
2011-03-25,5238.92
2011-03-28,5246.25
2011-03-29,5261.22
2011-03-30,5306.54
2011-03-31,5263.45
2011-04-01,5345.93
2011-04-04,5344.0
2011-04-05,5342.09
2011-04-06,5350.87
2011-04-07,5321.78
2011-04-08,5360.5
2011-04-11,5330.43
2011-04-12,5250.21
2011-04-13,5289.21
2011-04-14,5245.51
2011-04-15,5251.74
2011-04-18,5135.95
2011-04-19,5171.2
2011-04-20,5291.39
2011-04-21,5313.26
2011-04-26,5347.16
2011-04-27,5374.05
2011-04-28,5419.99
2011-04-29,5442.05
2011-05-02,5447.84
2011-05-03,5429.52
2011-05-04,5369.33
2011-05-05,5339.49
2011-05-06,5408.4
2011-05-09,5352.56
2011-05-10,5415.44
2011-05-11,5430.66
2011-05-12,5386.93
2011-05-13,5382.78
2011-05-16,5366.66
2011-05-17,5304.37
2011-05-18,5348.9
2011-05-19,5411.13
2011-05-20,5386.63
2011-05-23,5299.91
2011-05-24,5314.9
2011-05-25,5330.55
2011-05-26,5320.59
2011-05-27,5364.51
2011-05-30,5357.55
2011-05-31,5444.82
2011-06-01,5398.62
2011-06-02,5308.79
2011-06-03,5311.54
2011-06-06,5283.69
2011-06-07,5294.17
2011-06-08,5245.18
2011-06-09,5298.39
2011-06-10,5212.68
2011-06-13,5218.08
2011-06-14,5290.89
2011-06-15,5218.28
2011-06-16,5193.92
2011-06-17,5229.35
2011-06-20,5196.4
2011-06-21,5299.62
2011-06-22,5291.75
2011-06-23,5183.89
2011-06-24,5180.77
2011-06-27,5194.82
2011-06-28,5258.47
2011-06-29,5357.19
2011-06-30,5437.34
2011-07-01,5471.28
2011-07-04,5471.71
2011-07-05,5444.51
2011-07-06,5421.48
2011-07-07,5448.05
2011-07-08,5365.06
2011-07-11,5223.52
2011-07-12,5178.7
2011-07-13,5212.69
2011-07-14,5154.94
2011-07-15,5122.95
2011-07-18,5018.92
2011-07-19,5081.28
2011-07-20,5161.09
2011-07-21,5245.51
2011-07-22,5278.74
2011-07-25,5244.19
2011-07-26,5208.65
2011-07-27,5138.24
2011-07-28,5112.23
2011-07-29,5060.13
2011-08-01,4955.89
2011-08-02,4860.24
2011-08-03,4761.71
2011-08-04,4575.82
2011-08-05,4513.8
2011-08-08,4295.22
2011-08-09,4370.36
2011-08-10,4165.75
2011-08-11,4280.55
2011-08-12,4451.78
2011-08-15,4490.09
2011-08-16,4474.32
2011-08-17,4503.77
2011-08-18,4261.18
2011-08-19,4185.97
2011-08-22,4229.44
2011-08-23,4271.0
2011-08-24,4349.09
2011-08-25,4326.38
2011-08-26,4289.08
2011-08-29,4378.36
2011-08-30,4392.37
2011-08-31,4526.53
2011-09-01,4537.62
2011-09-02,4386.5
2011-09-05,4192.03
2011-09-06,4144.11
2011-09-07,4292.32
2011-09-08,4313.05
2011-09-09,4164.59
2011-09-12,4002.12
2011-09-13,4045.26
2011-09-14,4120.46
2011-09-15,4242.92
2011-09-16,4229.26
2011-09-19,4116.45
2011-09-20,4174.08
2011-09-21,4115.48
2011-09-22,3903.84
2011-09-23,3934.2
2011-09-26,3994.8
2011-09-27,4214.69
2011-09-28,4175.92
2011-09-29,4216.82
2011-09-30,4152.24
2011-10-03,4072.99
2011-10-04,3961.96
2011-10-05,4121.1
2011-10-06,4261.24
2011-10-07,4285.83
2011-10-10,4375.66
2011-10-11,4365.22
2011-10-12,4468.15
2011-10-13,4412.43
2011-10-14,4454.6
2011-10-17,4386.23
2011-10-18,4355.13
2011-10-19,4371.1
2011-10-20,4271.86
2011-10-21,4390.46
2011-10-24,4459.18
2011-10-25,4403.51
2011-10-26,4398.2
2011-10-27,4652.53
2011-10-28,4626.27
2011-10-31,4487.64
2011-11-01,4256.16
2011-11-02,4309.21
2011-11-03,4426.14
2011-11-04,4337.63
2011-11-07,4310.54
2011-11-08,4358.92
2011-11-09,4265.42
2011-11-10,4253.36
2011-11-11,4364.91
2011-11-14,4309.0
2011-11-15,4229.18
2011-11-16,4244.93
2011-11-17,4170.04
2011-11-18,4149.95
2011-11-21,4012.58
2011-11-22,3978.72
2011-11-23,3914.03
2011-11-24,3917.15
2011-11-25,3960.11
2011-11-28,4168.2
2011-11-29,4190.32
2011-11-30,4362.5
2011-12-01,4328.38
2011-12-02,4373.69
2011-12-05,4424.71
2011-12-06,4395.46
2011-12-07,4388.92
2011-12-08,4278.97
2011-12-09,4375.07
2011-12-12,4265.0
2011-12-13,4252.14
2011-12-14,4115.84
2011-12-15,4146.1
2011-12-16,4117.11
2011-12-19,4125.35
2011-12-20,4238.63
2011-12-21,4205.79
2011-12-22,4259.63
2011-12-23,4301.52
2011-12-27,4303.31
2011-12-28,4264.6
2011-12-29,4335.78
2011-12-30,4380.47
2012-01-02,4463.87
2012-01-03,4497.24
2012-01-04,4430.63
2012-01-05,4363.16
2012-01-06,4355.2
2012-01-09,4341.33
2012-01-10,4449.27
2012-01-11,4446.7
2012-01-12,4450.55
2012-01-13,4442.46
2012-01-16,4480.35
2012-01-17,4542.76
2012-01-18,4542.22
2012-01-19,4627.95
2012-01-20,4618.45
2012-01-23,4644.43
2012-01-24,4618.1
2012-01-25,4607.97
2012-01-26,4681.64
2012-01-27,4627.04
2012-01-30,4552.97
2012-01-31,4601.39
2012-02-01,4697.7
2012-02-02,4712.52
2012-02-03,4780.18
2012-02-06,4753.56
2012-02-07,4755.49
2012-02-08,4756.53
2012-02-09,4776.66
2012-02-10,4711.64
2012-02-13,4727.39
2012-02-14,4713.53
2012-02-15,4735.55
2012-02-16,4737.88
2012-02-17,4799.46
2012-02-20,4844.88
2012-02-21,4831.92
2012-02-22,4806.67
2012-02-23,4805.05
2012-02-24,4838.42
2012-02-27,4802.02
2012-02-28,4820.35
2012-02-29,4823.0
2012-03-01,4885.52
2012-03-02,4890.57
2012-03-05,4869.29
2012-03-06,4698.68
2012-03-07,4742.82
2012-03-08,4861.2
2012-03-09,4875.65
2012-03-12,4881.31
2012-03-13,4964.19
2012-03-14,4979.86
2012-03-15,5000.64
2012-03-16,5021.6
2012-03-19,5008.93
2012-03-20,4948.11
2012-03-21,4943.16
2012-03-22,4869.01
2012-03-23,4876.9
2012-03-26,4917.54
2012-03-27,4880.63
2012-03-28,4826.87
2012-03-29,4758.36
2012-03-30,4818.07
2012-04-02,4869.32
2012-04-03,4798.89
2012-04-04,4663.97
2012-04-05,4671.09
2012-04-10,4533.57
2012-04-11,4565.75
2012-04-12,4615.2
2012-04-13,4512.89
2012-04-16,4527.55
2012-04-17,4644.46
2012-04-18,4575.77
2012-04-19,4493.81
2012-04-20,4509.97
2012-04-23,4383.16
2012-04-24,4477.0
2012-04-25,4575.48
2012-04-26,4575.27
2012-04-27,4630.07
2012-04-30,4565.67
2012-05-02,4585.83
2012-05-03,4581.55
2012-05-04,4508.38
2012-05-07,4583.28
2012-05-08,4468.61
2012-05-09,4461.19
2012-05-10,4499.41
2012-05-11,4508.3
2012-05-14,4407.75
2012-05-15,4380.08
2012-05-16,4389.17
2012-05-17,4338.46
2012-05-18,4327.82
2012-05-21,4359.27
2012-05-22,4443.38
2012-05-23,4329.32
2012-05-24,4377.54
2012-05-25,4388.85
2012-05-28,4388.47
2012-05-29,4446.86
2012-05-30,4359.31
2012-05-31,4359.13
2012-06-01,4263.75
2012-06-04,4267.46
2012-06-05,4311.88
2012-06-06,4413.37
2012-06-07,4440.06
2012-06-08,4422.33
2012-06-11,4414.45
2012-06-12,4414.28
2012-06-13,4388.95
2012-06-14,4389.58
2012-06-15,4465.36
2012-06-18,4448.87
2012-06-19,4520.51
2012-06-20,4535.38
2012-06-21,4517.72
2012-06-22,4481.23
2012-06-25,4388.32
2012-06-26,4373.07
2012-06-27,4446.26
2012-06-28,4430.16
2012-06-29,4628.76
2012-07-02,4693.84
2012-07-03,4739.3
2012-07-04,4738.39
2012-07-05,4687.68
2012-07-06,4605.56
2012-07-09,4588.0
2012-07-10,4614.5
2012-07-11,4587.88
2012-07-12,4554.64
2012-07-13,4618.25
2012-07-16,4619.48
2012-07-17,4617.38
2012-07-18,4696.37
2012-07-19,4743.51
2012-07-20,4651.47
2012-07-23,4515.3
2012-07-24,4481.9
2012-07-25,4494.02
2012-07-26,4664.41
2012-07-27,4760.07
2012-07-30,4815.43
2012-07-31,4771.73
2012-08-01,4809.4
2012-08-02,4693.37
2012-08-03,4880.75
2012-08-06,4922.24
2012-08-07,4985.9902
2012-08-08,4965.24
2012-08-09,4988.43
2012-08-10,4961.48
2012-08-13,4947.27
2012-08-14,4977.82
2012-08-15,4977.9
2012-08-16,5022.42
2012-08-17,5037.98
2012-08-20,5023.09
2012-08-21,5070.41
2012-08-22,5002.99
2012-08-23,4964.09
2012-08-24,4960.44
2012-08-27,4997.94
2012-08-28,4957.28
2012-08-29,4938.09
2012-08-30,4891.15
2012-08-31,4935.63
2012-09-03,4988.25
2012-09-04,4916.12
2012-09-05,4922.75
2012-09-06,5063.57
2012-09-07,5087.68
2012-09-10,5069.83
2012-09-11,5108.73
2012-09-12,5125.78
2012-09-13,5071.2
2012-09-14,5182.67
2012-09-17,5148.91
2012-09-18,5093.76
2012-09-19,5119.6
2012-09-20,5092.35
2012-09-21,5123.07
2012-09-24,5082.03
2012-09-25,5115.52
2012-09-26,4982.03
2012-09-27,5011.25
2012-09-28,4908.73
2012-10-01,5012.4
2012-10-02,4987.08
2012-10-03,4975.24
2012-10-04,4969.52
2012-10-05,5045.77
2012-10-08,4978.73
2012-10-09,4946.8
2012-10-10,4918.57
2012-10-11,4979.35
2012-10-12,4946.06
2012-10-15,4988.83
2012-10-16,5093.8
2012-10-17,5127.63
2012-10-18,5137.56
2012-10-19,5098.65
2012-10-22,5068.7
2012-10-23,4964.0
2012-10-24,4991.93
2012-10-25,4978.5
2012-10-26,5007.57
2012-10-29,4972.95
2012-10-30,5038.03
2012-10-31,4999.47
2012-11-01,5063.86
2012-11-02,5088.85
2012-11-05,5030.12
2012-11-06,5071.7
2012-11-07,4982.55
2012-11-08,4975.66
2012-11-09,4995.64
2012-11-12,4982.3
2012-11-13,5006.27
2012-11-14,4968.03
2012-11-15,4937.96
2012-11-16,4882.29
2012-11-19,5013.22
2012-11-20,5045.0
2012-11-21,5064.97
2012-11-22,5099.34
2012-11-23,5143.28
2012-11-26,5104.58
2012-11-27,5110.84
2012-11-28,5127.85
2012-11-29,5203.56
2012-11-30,5191.83
2012-12-03,5202.15
2012-12-04,5218.79
2012-12-05,5234.06
2012-12-06,5252.32
2012-12-07,5261.2
2012-12-10,5268.93
2012-12-11,5316.7
2012-12-12,5318.69
2012-12-13,5312.55
2012-12-14,5312.78
2012-12-17,5313.81
2012-12-18,5328.17
2012-12-19,5351.83
2012-12-20,5353.16
2012-12-21,5339.68
2012-12-24,5325.13
2012-12-27,5357.05
2012-12-28,5286.23
2012-12-31,5313.94
2013-01-02,5442.75
2013-01-03,5432.04
2013-01-04,5444.86
2013-01-07,5416.93
2013-01-08,5416.08
2013-01-09,5430.98
2013-01-10,5410.47
2013-01-11,5415.24
2013-01-14,5419.97
2013-01-15,5405.39
2013-01-16,5419.12
2013-01-17,5473.39
2013-01-18,5474.11
2013-01-21,5505.37
2013-01-22,5477.67
2013-01-23,5461.63
2013-01-24,5496.38
2013-01-25,5530.67
2013-01-28,5533.8
2013-01-29,5537.66
2013-01-30,5507.95
2013-01-31,5465.5
2013-02-01,5531.28
2013-02-04,5382.41
2013-02-05,5427.5
2013-02-06,5363.55
2013-02-07,5312.4
2013-02-08,5379.95
2013-02-11,5378.44
2013-02-12,5427.38
2013-02-13,5447.49
2013-02-14,5410.77
2013-02-15,5405.47
2013-02-18,5416.09
2013-02-19,5510.48
2013-02-20,5477.13
2013-02-21,5360.08
2013-02-22,5468.63
2013-02-25,5484.6
2013-02-26,5353.55
2013-02-27,5445.78
2013-02-28,5486.83
2013-03-01,5457.06
2013-03-04,5467.93
2013-03-05,5577.87
2013-03-06,5560.02
2013-03-07,5585.19
2013-03-08,5645.69
2013-03-11,5639.98
2013-03-12,5645.04
2013-03-13,5638.15
2013-03-14,5686.12
2013-03-15,5650.68
2013-03-18,5638.0
2013-03-19,5572.83
2013-03-20,5638.93
2013-03-21,5567.66
2013-03-22,5561.04
2013-03-25,5504.21
2013-03-26,5529.23
2013-03-27,5474.16
2013-03-28,5503.57
2013-04-02,5602.29
2013-04-03,5538.31
2013-04-04,5494.33
2013-04-05,5399.8
2013-04-08,5406.21
2013-04-09,5410.55
2013-04-10,5513.14
2013-04-11,5559.6
2013-04-12,5496.7
2013-04-15,5461.95
2013-04-16,5426.93
2013-04-17,5306.52
2013-04-18,5301.56
2013-04-19,5368.08
2013-04-22,5374.71
2013-04-23,5556.0
2013-04-24,5635.91
2013-04-25,5646.69
2013-04-26,5607.61
2013-04-29,5687.03
2013-04-30,5675.67
2013-05-02,5692.21
2013-05-03,5771.44
2013-05-06,5768.47
2013-05-07,5792.88
2013-05-08,5838.05
2013-05-09,5834.88
2013-05-10,5875.04
2013-05-13,5864.46
2013-05-14,5900.86
2013-05-15,5926.87
2013-05-16,5929.89
2013-05-17,5962.78
2013-05-20,6002.02
2013-05-21,6031.54
2013-05-22,6050.23
2013-05-23,5924.81
2013-05-24,5913.82
2013-05-27,5968.36
2013-05-28,6048.5
2013-05-29,5943.99
2013-05-30,5980.4
2013-05-31,5920.03
2013-06-03,5881.86
2013-06-04,5891.56
2013-06-05,5790.98
2013-06-06,5744.13
2013-06-07,5822.99
2013-06-10,5814.19
2013-06-11,5736.21
2013-06-12,5716.03
2013-06-13,5718.76
2013-06-14,5734.21
2013-06-17,5814.08
2013-06-18,5814.73
2013-06-19,5787.39
2013-06-20,5592.06
2013-06-21,5524.99
2013-06-24,5432.21
2013-06-25,5511.32
2013-06-26,5621.86
2013-06-27,5678.1
2013-06-28,5643.94
2013-07-01,5688.84
2013-07-02,5657.91
2013-07-03,5601.1
2013-07-04,5754.58
2013-07-05,5681.8
2013-07-08,5781.12
2013-07-09,5813.7
2013-07-10,5812.47
2013-07-11,5854.19
2013-07-12,5838.15
2013-07-15,5870.49
2013-07-16,5831.81
2013-07-17,5857.77
2013-07-18,5939.61
2013-07-19,5936.62
2013-07-22,5955.68
2013-07-23,5933.51
2013-07-24,5991.75
2013-07-25,5980.75
2013-07-26,5993.84
2013-07-29,5995.37
2013-07-30,6028.31
2013-07-31,6037.6
2013-08-01,6110.82
2013-08-02,6115.71
2013-08-05,6127.66
2013-08-06,6101.41
2013-08-07,6102.61
2013-08-08,6141.22
2013-08-09,6160.04
2013-08-12,6156.65
2013-08-13,6185.38
2013-08-14,6217.74
2013-08-15,6182.04
2013-08-16,6225.27
2013-08-19,6174.62
2013-08-20,6094.69
2013-08-21,6077.26
2013-08-22,6143.0
2013-08-23,6159.74
2013-08-26,6152.04
2013-08-27,6008.28
2013-08-28,5991.51
2013-08-29,6030.51
2013-08-30,5957.91
2013-09-02,6060.91
2013-09-03,6022.01
2013-09-04,6032.36
2013-09-05,6077.35
2013-09-06,6132.94
2013-09-09,6125.19
2013-09-10,6235.92
2013-09-11,6239.64
2013-09-12,6223.1
2013-09-13,6233.44
2013-09-16,6289.41
2013-09-17,6273.4
2013-09-18,6309.03
2013-09-19,6357.76
2013-09-20,6358.52
2013-09-23,6309.35
2013-09-24,6352.05
2013-09-25,6350.7
2013-09-26,6342.94
2013-09-27,6344.13
2013-09-30,6286.03
2013-10-01,6364.76
2013-10-02,6311.26
2013-10-03,6268.89
2013-10-04,6316.12
2013-10-07,6313.94
2013-10-08,6270.31
2013-10-09,6256.87
2013-10-10,6387.81
2013-10-11,6394.94
2013-10-14,6392.01
2013-10-15,6437.2
2013-10-16,6416.73
2013-10-17,6416.24
2013-10-18,6488.7
2013-10-21,6481.68
2013-10-22,6503.11
2013-10-23,6457.11
2013-10-24,6476.13
2013-10-25,6470.41
2013-10-28,6438.41
2013-10-29,6477.59
2013-10-30,6472.98
2013-10-31,6518.28
2013-11-01,6486.85
2013-11-04,6507.93
2013-11-05,6459.57
2013-11-06,6510.39
2013-11-07,6499.89
2013-11-08,6472.97
2013-11-11,6520.39
2013-11-12,6481.96
2013-11-13,6444.64
2013-11-14,6509.81
2013-11-15,6526.35
2013-11-18,6564.64
2013-11-19,6497.56
2013-11-20,6486.69
2013-11-21,6465.21
2013-11-22,6498.67
2013-11-25,6536.15
2013-11-26,6506.85
2013-11-27,6529.36
2013-11-28,6546.24
2013-11-29,6540.0
2013-12-02,6524.6
2013-12-03,6366.53
2013-12-04,6334.88
2013-12-05,6271.35
2013-12-06,6318.45
2013-12-09,6328.16
2013-12-10,6269.2
2013-12-11,6265.05
2013-12-12,6236.45
2013-12-13,6221.85
2013-12-16,6313.0
2013-12-17,6238.86
2013-12-18,6296.78
2013-12-19,6394.33
2013-12-20,6418.81
2013-12-23,6452.25
2013-12-24,6459.37
2013-12-27,6542.63
2013-12-30,6544.72
2013-12-31,6573.59
2014-01-02,6483.33
2014-01-03,6515.51
2014-01-06,6487.77
2014-01-07,6539.22
2014-01-08,6542.45
2014-01-09,6490.71
2014-01-10,6524.71
2014-01-13,6551.27
2014-01-14,6565.02
2014-01-15,6649.39
2014-01-16,6629.15
2014-01-17,6645.15
2014-01-20,6637.44
2014-01-21,6640.03
2014-01-22,6641.26
2014-01-23,6580.13
2014-01-24,6403.55
2014-01-27,6373.37
2014-01-28,6436.39
2014-01-29,6401.17
2014-01-30,6429.3
2014-01-31,6406.82
2014-02-03,6328.33
2014-02-04,6339.77
2014-02-05,6342.29
2014-02-06,6444.06
2014-02-07,6500.53
2014-02-10,6516.26
2014-02-11,6586.08
2014-02-12,6622.83
2014-02-13,6631.72
2014-02-14,6672.13
2014-02-17,6673.22
2014-02-18,6665.35
2014-02-19,6681.18
2014-02-20,6702.75
2014-02-21,6745.29
2014-02-24,6802.5
2014-02-25,6799.33
2014-02-26,6773.63
2014-02-27,6773.33
2014-02-28,6795.5
2014-03-03,6624.48
2014-03-04,6773.82
2014-03-05,6772.26
2014-03-06,6818.82
2014-03-07,6749.08
2014-03-10,6751.45
2014-03-11,6725.35
2014-03-12,6659.03
2014-03-13,6583.08
2014-03-14,6527.7
2014-03-17,6615.87
2014-03-18,6679.08
2014-03-19,6678.31
2014-03-20,6702.88
2014-03-21,6712.54
2014-03-24,6634.16
2014-03-25,6726.09
2014-03-26,6786.95
2014-03-27,6781.26
2014-03-28,6827.8
2014-03-31,6807.35
2014-04-01,6859.95
2014-04-02,6866.02
2014-04-03,6889.2
2014-04-04,6939.76
2014-04-07,6869.31
2014-04-08,6842.3
2014-04-09,6878.38
2014-04-10,6835.16
2014-04-11,6759.66
2014-04-14,6770.52
2014-04-15,6713.92
2014-04-16,6807.74
2014-04-17,6848.89
2014-04-22,6929.75
2014-04-23,6888.65
2014-04-24,6928.62
2014-04-25,6880.44
2014-04-28,6901.74
2014-04-29,6962.08
2014-04-30,6953.76
2014-05-02,6931.82
2014-05-05,6935.79
2014-05-06,6888.73
2014-05-07,6913.86
2014-05-08,7000.68
2014-05-09,6965.91
2014-05-12,7025.65
2014-05-13,7042.18
2014-05-14,7039.83
2014-05-15,6953.48
2014-05-16,6963.76
2014-05-19,6987.53
2014-05-20,6981.86
2014-05-21,7006.53
2014-05-22,7026.12
2014-05-23,7051.03
2014-05-26,7107.67
2014-05-27,7119.54
2014-05-28,7125.23
2014-05-29,7135.87
2014-05-30,7127.72
2014-06-02,7140.72
2014-06-03,7118.35
2014-06-04,7117.33
2014-06-05,7190.09
2014-06-06,7244.37
2014-06-09,7256.12
2014-06-10,7265.72
2014-06-11,7201.71
2014-06-12,7203.92
2014-06-13,7179.16
2014-06-16,7127.1
2014-06-17,7167.1
2014-06-18,7162.13
2014-06-19,7208.99
2014-06-20,7175.4
2014-06-23,7134.67
2014-06-24,7135.17
2014-06-25,7054.6
2014-06-26,7032.28
2014-06-27,7027.69
2014-06-30,7008.0
2014-07-01,7068.2
2014-07-02,7048.6
2014-07-03,7120.37
2014-07-04,7091.89
2014-07-07,6997.0
2014-07-08,6893.37
2014-07-09,6914.49
2014-07-10,6825.09
2014-07-11,6847.72
2014-07-14,6902.19
2014-07-15,6835.08
2014-07-16,6930.86
2014-07-17,6856.16
2014-07-18,6879.31
2014-07-21,6834.89
2014-07-22,6925.02
2014-07-23,6938.47
2014-07-24,6989.19
2014-07-25,6872.96
2014-07-28,6888.88
2014-07-29,6920.13
2014-07-30,6846.58
2014-07-31,6745.14
2014-08-01,6661.66
2014-08-04,6674.97
2014-08-05,6697.38
2014-08-06,6651.13
2014-08-07,6566.88
2014-08-08,6552.86
2014-08-11,6637.58
2014-08-12,6593.37
2014-08-13,6636.05
2014-08-14,6654.61
2014-08-15,6608.28
2014-08-18,6692.43
2014-08-19,6733.17
2014-08-20,6712.46
2014-08-21,6791.76
2014-08-22,6735.59
2014-08-25,6862.93
2014-08-26,6939.47
2014-08-27,6946.0
2014-08-28,6895.99
2014-08-29,6914.77
2014-09-01,6912.49
2014-09-02,6914.28
2014-09-03,6977.73
2014-09-04,7081.76
2014-09-05,7073.44
2014-09-08,7056.67
2014-09-09,7023.93
2014-09-10,7015.41
2014-09-11,7005.21
2014-09-12,7009.87
2014-09-15,6988.28
2014-09-16,6951.31
2014-09-17,6984.82
2014-09-18,7032.7
2014-09-19,7023.99
2014-09-22,6993.83
2014-09-23,6877.61
2014-09-24,6946.83
2014-09-25,6861.37
2014-09-26,6916.77
2014-09-29,6864.76
2014-09-30,6945.49
2014-10-01,6873.31
2014-10-02,6694.74
2014-10-03,6754.8
2014-10-06,6761.36
2014-10-07,6639.69
2014-10-08,6569.52
2014-10-09,6526.24
2014-10-10,6418.98
2014-10-13,6422.22
2014-10-14,6443.51
2014-10-15,6220.78
2014-10-16,6185.59
2014-10-17,6366.64
2014-10-20,6307.62
2014-10-21,6451.25
2014-10-22,6490.86
2014-10-23,6564.3
2014-10-24,6525.55
2014-10-27,6474.68
2014-10-28,6506.94
2014-10-29,6506.85
2014-10-30,6551.8
2014-10-31,6689.01
2014-11-03,6640.36
2014-11-04,6548.94
2014-11-05,6663.06
2014-11-06,6693.96
2014-11-07,6641.32
2014-11-10,6689.26
2014-11-11,6723.23
2014-11-12,6629.01
2014-11-13,6640.36
2014-11-14,6666.03
2014-11-17,6698.54
2014-11-18,6757.22
2014-11-19,6762.81
2014-11-20,6717.19
2014-11-21,6881.4
2014-11-24,6917.02
2014-11-25,6940.43
2014-11-26,6929.29
2014-11-27,6946.8
2014-11-28,6960.83
2014-12-01,6944.68
2014-12-02,6961.87
2014-12-03,6971.52
2014-12-04,6883.97
2014-12-05,7024.06
2014-12-08,6962.45
2014-12-09,6793.9
2014-12-10,6743.67
2014-12-11,6734.8
2014-12-12,6561.82
2014-12-15,6415.23
2014-12-16,6542.57
2014-12-17,6569.99
2014-12-18,6776.99
2014-12-19,6774.91
2014-12-22,6798.96
2014-12-23,6889.13
2014-12-24,6863.9
2014-12-29,6891.43
2014-12-30,6789.72
2014-12-31,6832.0
2015-01-02,6811.21
2015-01-05,6609.4
2015-01-06,6560.17
2015-01-07,6601.74
2015-01-08,6820.13
2015-01-09,6712.9
2015-01-12,6788.04
2015-01-13,6883.94
2015-01-14,6787.13
2015-01-15,6933.39
2015-01-16,7009.3
2015-01-19,7036.95
2015-01-20,7107.72
2015-01-21,7162.59
2015-01-22,7270.28
2015-01-23,7406.23
2015-01-26,7473.25
2015-01-27,7393.13
2015-01-28,7381.09
2015-01-29,7412.41
2015-01-30,7373.04
2015-02-02,7399.5
2015-02-03,7484.83
2015-02-04,7514.07
2015-02-05,7536.05
2015-02-06,7519.27
2015-02-09,7451.19
2015-02-10,7525.28
2015-02-11,7499.6
2015-02-12,7575.76
2015-02-13,7621.4
2015-02-16,7612.59
2015-02-17,7613.17
2015-02-18,7687.19
2015-02-19,7738.3
2015-02-20,7731.62
2015-02-23,7783.68
2015-02-24,7818.58
2015-02-25,7805.48
2015-02-26,7852.97
2015-02-27,7910.56
2015-03-02,7870.1
2015-03-03,7796.22
2015-03-04,7864.38
2015-03-05,7945.43
2015-03-06,7952.4
2015-03-09,7907.51
2015-03-10,7826.35
2015-03-11,7999.92
2015-03-12,7987.28
2015-03-13,8026.32
2015-03-16,8104.36
2015-03-17,8043.98
2015-03-18,8051.28
2015-03-19,8060.78
2015-03-20,8136.7
2015-03-23,8096.19
2015-03-24,8152.72
2015-03-25,8048.58
2015-03-26,8011.75
2015-03-27,8051.55
2015-03-30,8132.63
2015-03-31,8057.75
2015-04-01,8098.53
2015-04-02,8119.28
2015-04-07,8233.76
2015-04-08,8218.35
2015-04-09,8332.26
2015-04-10,8386.16
2015-04-13,8404.9
2015-04-14,8352.52
2015-04-15,8402.72
2015-04-16,8355.26
2015-04-17,8224.71
2015-04-20,8296.13
2015-04-21,8332.75
2015-04-22,8353.82
2015-04-23,8308.88
2015-04-24,8344.67
2015-04-27,8456.03
2015-04-28,8312.34
2015-04-29,8113.6
2015-04-30,8137.99
2015-05-04,8201.56
2015-05-05,8038.34
2015-05-06,8040.11
2015-05-07,8022.67
2015-05-08,8213.7
2015-05-11,8168.64
2015-05-12,8082.7
2015-05-13,8080.06
2015-05-14,8179.39
2015-05-15,8135.71
2015-05-18,8167.93
2015-05-19,8328.92
2015-05-20,8361.07
2015-05-21,8381.61
2015-05-22,8373.87
2015-05-25,8335.73
2015-05-26,8293.89
2015-05-27,8438.04
2015-05-28,8380.46
2015-05-29,8188.45
2015-06-01,8219.1
2015-06-02,8193.72
2015-06-03,8235.01
2015-06-04,8161.22
2015-06-05,8051.88
2015-06-08,7968.88
2015-06-09,7960.63
2015-06-10,8097.18
2015-06-11,8148.56
2015-06-12,8039.52
2015-06-15,7899.75
2015-06-16,7943.08
2015-06-17,7867.06
2015-06-18,7882.84
2015-06-19,7901.98
2015-06-22,8184.92
2015-06-23,8281.71
2015-06-24,8254.42
2015-06-25,8258.49
2015-06-26,8281.93
2015-06-29,7987.52
2015-06-30,7860.75
2015-07-01,8009.58
2015-07-02,7932.48
2015-07-03,7889.66
2015-07-06,7746.55
2015-07-07,7583.17
2015-07-08,7633.12
2015-07-09,7817.05
2015-07-10,8041.72
2015-07-13,8192.38
2015-07-14,8240.45
2015-07-15,8273.22
2015-07-16,8388.11
2015-07-17,8398.06
2015-07-20,8430.08
2015-07-21,8370.89
2015-07-22,8332.51
2015-07-23,8339.3
2015-07-24,8295.95
2015-07-27,8090.75
2015-07-28,8165.99
2015-07-29,8224.89
2015-07-30,8261.69
2015-07-31,8314.0
2015-08-03,8373.19
2015-08-04,8365.69
2015-08-05,8481.87
2015-08-06,8471.58
2015-08-07,8404.66
2015-08-10,8468.06
2015-08-11,8323.06
2015-08-12,8055.06
2015-08-13,8156.72
2015-08-14,8122.27
2015-08-17,8159.13
2015-08-18,8145.43
2015-08-19,8010.11
2015-08-20,7846.07
2015-08-21,7604.95
2015-08-24,7218.89
2015-08-25,7509.17
2015-08-26,7408.37
2015-08-27,7648.97
2015-08-28,7670.22
2015-08-31,7634.89
2015-09-01,7456.42
2015-09-02,7471.94
2015-09-03,7629.53
2015-09-04,7427.49
2015-09-07,7464.63
2015-09-08,7542.62
2015-09-09,7645.44
2015-09-10,7543.86
2015-09-11,7462.02
2015-09-14,7412.06
2015-09-15,7485.75
2015-09-16,7591.44
2015-09-17,7611.86
2015-09-18,7444.73
2015-09-21,7519.18
2015-09-22,7279.99
2015-09-23,7289.81
2015-09-24,7152.04
2015-09-25,7361.62
2015-09-28,7179.33
2015-09-29,7144.74
2015-09-30,7319.44
2015-10-01,7276.46
2015-10-02,7325.54
2015-10-05,7569.72
2015-10-06,7640.22
2015-10-07,7643.4
2015-10-08,7662.84
2015-10-09,7702.22
2015-10-12,7679.57
2015-10-13,7615.52
2015-10-14,7563.52
2015-10-15,7669.63
2015-10-16,7712.1
2015-10-19,7720.44
2015-10-20,7674.3
2015-10-21,7709.36
2015-10-22,7868.13
2015-10-23,8054.83
2015-10-26,8014.19
2015-10-27,7930.59
2015-10-28,8000.98
2015-10-29,7994.02
2015-10-30,8008.88
2015-11-02,8042.02
2015-11-03,8069.46
2015-11-04,8095.15
2015-11-05,8137.27
2015-11-06,8151.95
2015-11-09,8034.13
2015-11-10,8034.32
2015-11-11,8101.46
2015-11-12,7958.78
2015-11-13,7881.53
2015-11-16,7876.69
2015-11-17,8080.68
2015-11-18,8040.28
2015-11-19,8063.63
2015-11-20,8059.16
2015-11-23,8028.74
2015-11-24,7912.09
2015-11-25,8029.13
2015-11-26,8114.82
2015-11-27,8098.23
2015-11-30,8145.83
2015-12-01,8092.68
2015-12-02,8082.93
2015-12-03,7823.63
2015-12-04,7800.54
2015-12-07,7868.47
2015-12-08,7747.9
2015-12-09,7679.66
2015-12-10,7663.55
2015-12-11,7525.21
2015-12-14,7405.2
2015-12-15,7622.28
2015-12-16,7645.29
2015-12-17,7732.0
2015-12-18,7647.48
2015-12-21,7563.92
2015-12-22,7565.14
2015-12-23,7731.97
2015-12-24,7716.09
2015-12-28,7652.58
2015-12-29,7785.98
2015-12-30,7755.29
2015-12-31,7694.06
2016-01-04,7509.73
2016-01-05,7536.17
2016-01-06,7440.19
2016-01-07,7313.75
2016-01-08,7209.49
2016-01-11,7172.32
2016-01-12,7275.53
2016-01-13,7298.78
2016-01-14,7165.27
2016-01-15,6998.87
2016-01-18,6952.83
2016-01-19,7088.55
2016-01-20,6851.9
2016-01-21,6976.22
2016-01-22,7194.12
2016-01-25,7165.53
2016-01-26,7232.17
2016-01-27,7271.64
2016-01-28,7177.19
2016-01-29,7332.15
2016-02-01,7308.38
2016-02-02,7139.93
2016-02-03,7040.58
2016-02-04,7038.45
2016-02-05,6989.92
2016-02-08,6755.19
2016-02-09,6646.02
2016-02-10,6749.81
2016-02-11,6486.62
2016-02-12,6631.56
2016-02-15,6832.9
2016-02-16,6832.07
2016-02-17,7025.48
2016-02-18,7046.57
2016-02-19,7014.47
2016-02-22,7133.85
2016-02-23,7048.99
2016-02-24,6916.75
2016-02-25,7050.82
2016-02-26,7155.12
2016-02-29,7220.79
2016-03-01,7317.86
2016-03-02,7333.95
2016-03-03,7323.19
2016-03-04,7390.38
2016-03-07,7364.71
2016-03-08,7301.22
2016-03-09,7332.67
2016-03-10,7217.56
2016-03-11,7442.26
2016-03-14,7474.18
2016-03-15,7424.82
2016-03-16,7411.42
2016-03-17,7382.93
2016-03-18,7418.44
2016-03-21,7376.55
2016-03-22,7381.6
2016-03-23,7378.08
2016-03-24,7232.28
2016-03-29,7286.88
2016-03-30,7411.23
2016-03-31,7322.87
2016-04-01,7228.33
2016-04-04,7258.82
2016-04-05,7108.11
2016-04-06,7160.03
2016-04-07,7102.06
2016-04-08,7196.65
2016-04-11,7212.38
2016-04-12,7260.86
2016-04-13,7482.07
2016-04-14,7511.86
2016-04-15,7484.47
2016-04-18,7501.29
2016-04-19,7599.31
2016-04-20,7633.17
2016-04-21,7615.82
2016-04-22,7601.75
2016-04-25,7564.76
2016-04-26,7562.87
2016-04-27,7611.59
2016-04-28,7612.03
2016-04-29,7433.14
2016-05-02,7461.52
2016-05-03,7350.91
2016-05-04,7281.22
2016-05-05,7298.05
2016-05-06,7281.55
2016-05-09,7316.79
2016-05-10,7368.86
2016-05-11,7336.21
2016-05-12,7297.2
2016-05-13,7328.03
2016-05-16,7319.27
2016-05-17,7311.83
2016-05-18,7345.3
2016-05-19,7282.76
2016-05-20,7395.74
2016-05-23,7367.64
2016-05-24,7532.81
2016-05-25,7618.42
2016-05-26,7667.99
2016-05-27,7671.25
2016-05-30,7697.01
2016-05-31,7666.59
2016-06-01,7618.52
2016-06-02,7627.51
2016-06-03,7559.73
2016-06-06,7573.7
2016-06-07,7657.79
2016-06-08,7609.41
2016-06-09,7542.11
2016-06-10,7371.48
2016-06-13,7236.56
2016-06-14,7077.45
2016-06-15,7148.37
2016-06-16,7105.18
2016-06-17,7186.35
2016-06-20,7429.42
2016-06-21,7473.54
2016-06-22,7493.05
2016-06-23,7629.57
2016-06-24,7053.8
2016-06-27,6817.38
2016-06-28,6999.02
2016-06-29,7178.96
2016-06-30,7253.12
2016-07-01,7321.6
2016-07-04,7257.92
2016-07-05,7130.53
2016-07-06,7003.05
2016-07-07,7060.53
2016-07-08,7185.65
2016-07-11,7311.08
2016-07-12,7414.53
2016-07-13,7420.73
2016-07-14,7500.61
2016-07-15,7473.92
2016-07-18,7460.97
2016-07-19,7420.23
2016-07-20,7503.69
2016-07-21,7495.83
2016-07-22,7507.46
2016-07-25,7527.8
2016-07-26,7539.05
2016-07-27,7626.66
2016-07-28,7586.04
2016-07-29,7619.13
2016-08-01,7571.17
2016-08-02,7445.13
2016-08-03,7428.25
2016-08-04,7477.34
2016-08-05,7581.74
2016-08-08,7589.32
2016-08-09,7674.36
2016-08-10,7652.95
2016-08-11,7735.92
2016-08-12,7730.43
2016-08-15,7730.2
2016-08-16,7663.77
2016-08-17,7590.61
2016-08-18,7628.87
2016-08-19,7573.31
2016-08-22,7565.93
2016-08-23,7619.53
2016-08-24,7639.34
2016-08-25,7588.68
2016-08-26,7643.56
2016-08-29,7617.5
2016-08-30,7671.8
2016-08-31,7643.13
2016-09-01,7653.98
2016-09-02,7813.49
2016-09-05,7817.08
2016-09-06,7797.88
2016-09-07,7844.65
2016-09-08,7820.86
2016-09-09,7741.8
2016-09-12,7658.25
2016-09-13,7579.93
2016-09-14,7549.26
2016-09-15,7559.01
2016-09-16,7499.52
2016-09-19,7599.9
2016-09-20,7591.56
2016-09-21,7623.34
2016-09-22,7781.57
2016-09-23,7745.3
2016-09-26,7616.75
2016-09-27,7604.23
2016-09-28,7664.71
2016-09-29,7677.42
2016-09-30,7684.8
2016-10-03,7694.14
2016-10-04,7765.0
2016-10-05,7736.91
2016-10-06,7715.91
2016-10-07,7657.84
2016-10-10,7735.57
2016-10-11,7693.39
2016-10-12,7667.31
2016-10-13,7597.25
2016-10-14,7704.47
2016-10-17,7667.73
2016-10-18,7764.61
2016-10-19,7787.33
2016-10-20,7809.39
2016-10-21,7803.17
2016-10-24,7830.13
2016-10-25,7802.28
2016-10-26,7791.84
2016-10-27,7790.99
2016-10-28,7818.12
2016-10-31,7761.55
2016-11-01,7693.56
2016-11-02,7598.57
2016-11-03,7593.57
2016-11-04,7530.68
2016-11-07,7663.01
2016-11-08,7689.81
2016-11-09,7789.77
2016-11-10,7759.66
2016-11-11,7696.03
2016-11-14,7717.6
2016-11-15,7767.17
2016-11-16,7718.44
2016-11-17,7762.63
2016-11-18,7735.72
2016-11-21,7774.92
2016-11-22,7808.36
2016-11-23,7776.15
2016-11-24,7801.15
2016-11-25,7815.17
2016-11-28,7756.59
2016-11-29,7820.8
2016-11-30,7862.14
2016-12-01,7826.51
2016-12-02,7768.73
2016-12-05,7848.75
2016-12-06,7939.58
2016-12-07,8040.01
2016-12-08,8107.87
2016-12-09,8162.33
2016-12-12,8157.72
2016-12-13,8228.92
2016-12-14,8175.58
2016-12-15,8250.18
2016-12-16,8274.22
2016-12-19,8263.26
2016-12-20,8307.48
2016-12-21,8299.25
2016-12-22,8298.52
2016-12-23,8313.11
2016-12-27,8331.98
2016-12-28,8330.68
2016-12-29,8318.87
2016-12-30,8353.51
2017-01-02,8395.81
2017-01-03,8424.33
2017-01-04,8418.99
2017-01-05,8421.36
2017-01-06,8433.84
2017-01-09,8402.37
2017-01-10,8404.26
2017-01-11,8405.87
2017-01-12,8362.17
2017-01-13,8455.78
2017-01-16,8391.25
2017-01-17,8357.32
2017-01-18,8345.95
2017-01-19,8338.16
2017-01-20,8349.75
2017-01-23,8309.18
2017-01-24,8327.21
2017-01-25,8404.46
2017-01-26,8392.95
2017-01-27,8354.9
2017-01-30,8260.62
2017-01-31,8198.35
2017-02-01,8274.69
2017-02-02,8287.75
2017-02-03,8337.33
2017-02-06,8257.87
2017-02-07,8228.52
2017-02-08,8248.0
2017-02-09,8338.03
2017-02-10,8348.44
2017-02-13,8444.99
2017-02-14,8457.9
2017-02-15,8502.61
2017-02-16,8468.77
2017-02-17,8417.61
2017-02-20,8419.32
2017-02-21,8457.11
2017-02-22,8467.78
2017-02-23,8459.65
2017-02-24,8379.08
2017-02-27,8385.64
2017-02-28,8410.27
2017-03-01,8569.16
2017-03-02,8573.51
2017-03-03,8618.88
2017-03-06,8583.36
2017-03-07,8554.85
2017-03-08,8564.57
2017-03-09,8599.7
2017-03-10,8620.36
2017-03-13,8631.95
2017-03-14,8592.14
2017-03-15,8605.33
2017-03-16,8657.74
2017-03-17,8685.06
2017-03-20,8669.12
2017-03-21,8644.9
2017-03-22,8622.28
2017-03-23,8689.0
2017-03-24,8679.01
2017-03-27,8672.92
2017-03-28,8725.07
2017-03-29,8759.19
2017-03-30,8802.96
2017-03-31,8864.97
2017-04-03,8808.88
2017-04-04,8830.79
2017-04-05,8819.74
2017-04-06,8865.53
2017-04-07,8892.11
2017-04-10,8851.45
2017-04-11,8834.23
2017-04-12,8837.67
2017-04-13,8788.83
2017-04-18,8656.65
2017-04-19,8688.23
2017-04-20,8803.62
2017-04-21,8773.15
2017-04-24,9126.52
2017-04-25,9152.59
2017-04-26,9166.25
2017-04-27,9148.18
2017-04-28,9149.58
2017-05-02,9225.79
2017-05-03,9222.78
2017-05-04,9344.31
2017-05-05,9462.45
2017-05-08,9402.21
2017-05-09,9429.62
2017-05-10,9435.86
2017-05-11,9396.93
2017-05-12,9441.72
2017-05-15,9476.7
2017-05-16,9492.65
2017-05-17,9343.4
2017-05-18,9283.9
2017-05-19,9356.48
2017-05-22,9358.86
2017-05-23,9405.55
2017-05-24,9412.82
2017-05-25,9409.55
2017-05-26,9417.98
2017-05-29,9415.5
2017-05-30,9400.6
2017-05-31,9380.56
2017-06-01,9454.8
2017-06-02,9502.61
2017-06-05,9453.07
2017-06-06,9388.09
2017-06-07,9388.0
2017-06-08,9382.35
2017-06-09,9441.75
2017-06-12,9335.84
2017-06-13,9380.92
2017-06-14,9358.54
2017-06-15,9311.45
2017-06-16,9392.5
2017-06-19,9473.4
2017-06-20,9441.94
2017-06-21,9418.48
2017-06-22,9431.51
2017-06-23,9406.69
2017-06-26,9454.64
2017-06-27,9381.27
2017-06-28,9365.57
2017-06-29,9192.99
2017-06-30,9143.24
2017-07-03,9259.63
2017-07-04,9222.58
2017-07-05,9238.42
2017-07-06,9182.74
2017-07-07,9177.37
2017-07-10,9213.83
2017-07-11,9173.54
2017-07-12,9311.88
2017-07-13,9338.79
2017-07-14,9347.04
2017-07-17,9342.03
2017-07-18,9249.73
2017-07-19,9322.37
2017-07-20,9293.64
2017-07-21,9161.23
2017-07-24,9164.55
2017-07-25,9216.51
2017-07-26,9269.71
2017-07-27,9260.81
2017-07-28,9163.97
2017-07-31,9106.4
2017-08-01,9167.41
2017-08-02,9133.82
2017-08-03,9174.64
2017-08-04,9290.24
2017-08-07,9297.36
2017-08-08,9317.9
2017-08-09,9199.06
2017-08-10,9145.95
2017-08-11,9047.99
2017-08-14,9157.3
2017-08-15,9188.32
2017-08-16,9255.29
2017-08-17,9211.12
2017-08-18,9149.09
2017-08-21,9104.85
2017-08-22,9179.31
2017-08-23,9150.91
2017-08-24,9143.35
2017-08-25,9126.49
2017-08-28,9082.14
2017-08-29,8992.42
2017-08-30,9044.94
2017-08-31,9106.08
2017-09-01,9167.21
2017-09-04,9134.04
2017-09-05,9114.7
2017-09-06,9136.69
2017-09-07,9162.49
2017-09-08,9164.48
2017-09-11,9274.2
2017-09-12,9327.05
2017-09-13,9334.7
2017-09-14,9351.48
2017-09-15,9328.23
2017-09-18,9360.53
2017-09-19,9378.16
2017-09-20,9379.3
2017-09-21,9415.11
2017-09-22,9441.74
2017-09-25,9432.59
2017-09-26,9432.84
2017-09-27,9455.39
2017-09-28,9482.63
2017-09-29,9540.98
2017-10-02,9578.39
2017-10-03,9610.11
2017-10-04,9604.01
2017-10-05,9625.74
2017-10-06,9594.37
2017-10-09,9604.23
2017-10-10,9600.71
2017-10-11,9602.27
2017-10-12,9604.58
2017-10-13,9587.17
2017-10-16,9602.59
2017-10-17,9599.83
2017-10-18,9640.18
2017-10-19,9597.02
2017-10-20,9610.0
2017-10-23,9627.21
2017-10-24,9630.62
2017-10-25,9594.46
2017-10-26,9723.24
2017-10-27,9783.47
2017-10-30,9783.84
2017-10-31,9800.19
2017-11-01,9823.45
2017-11-02,9813.8
2017-11-03,9831.25
2017-11-06,9813.54
2017-11-07,9768.79
2017-11-08,9758.34
2017-11-09,9647.1
2017-11-10,9601.16
2017-11-13,9522.91
2017-11-14,9487.76
2017-11-15,9453.79
2017-11-16,9522.01
2017-11-17,9485.83
2017-11-20,9524.51
2017-11-21,9569.92
2017-11-22,9550.09
2017-11-23,9595.65
2017-11-24,9609.2
2017-11-27,9565.48
2017-11-28,9617.95
2017-11-29,9630.05
2017-11-30,9603.17
2017-12-01,9508.77
2017-12-04,9625.08
2017-12-05,9608.72
2017-12-06,9602.69
2017-12-07,9623.37
2017-12-08,9650.23
2017-12-11,9632.97
2017-12-12,9698.43
2017-12-13,9654.54
2017-12-14,9587.74
2017-12-15,9572.23
2017-12-18,9700.55
2017-12-19,9654.27
2017-12-20,9604.36
2017-12-21,9654.53
2017-12-22,9622.72
2017-12-27,9633.59
2017-12-28,9592.03
2017-12-29,9551.07
2018-01-02,9521.83
2018-01-03,9598.16
2018-01-04,9732.03
2018-01-05,9827.88
2018-01-08,9860.07
2018-01-09,9923.75
2018-01-10,9883.78
2018-01-11,9851.88
2018-01-12,9896.31
2018-01-15,9886.9
2018-01-16,9903.65
2018-01-17,9877.52
2018-01-18,9879.5
2018-01-19,9935.62
2018-01-22,9962.7
2018-01-23,9953.16
2018-01-24,9879.05
2018-01-25,9847.53
2018-01-26,9926.02
2018-01-29,9910.96
2018-01-30,9830.39
2018-01-31,9850.55
2018-02-01,9816.47
2018-02-02,9660.5
2018-02-05,9513.67
2018-02-06,9294.77
2018-02-07,9466.5
2018-02-08,9279.55
2018-02-09,9160.23
2018-02-12,9261.6
2018-02-13,9211.03
2018-02-14,9315.54
2018-02-15,9411.99
2018-02-16,9516.0
2018-02-19,9475.35
2018-02-20,9532.76
2018-02-21,9558.38
2018-02-22,9558.44
2018-02-23,9570.39
2018-02-26,9616.14
2018-02-27,9608.6
2018-02-28,9565.16
2018-03-01,9465.1
2018-03-02,9254.25
2018-03-05,9306.36
2018-03-06,9327.04
2018-03-07,9362.78
2018-03-08,9478.89
2018-03-09,9518.69
2018-03-12,9530.94
2018-03-13,9469.5
2018-03-14,9451.89
2018-03-15,9504.93
2018-03-16,9520.53
2018-03-19,9433.9
2018-03-20,9477.69
2018-03-21,9459.12
2018-03-22,9333.6
2018-03-23,9215.26
2018-03-26,9166.97
2018-03-27,9262.95
2018-03-28,9285.94
2018-03-29,9338.46
2018-04-03,9304.1
2018-04-04,9272.99
2018-04-05,9501.49
2018-04-06,9478.15
2018-04-09,9490.76
2018-04-10,9562.98
2018-04-11,9514.5
2018-04-12,9565.05
2018-04-13,9581.97
2018-04-16,9586.14
2018-04-17,9665.4
2018-04-18,9711.87
2018-04-19,9734.0
2018-04-20,9764.7
2018-04-23,9794.29
2018-04-24,9802.68
2018-04-25,9744.49
2018-04-26,9825.83
2018-04-27,9885.95
2018-04-30,9944.29
2018-05-02,9986.99
2018-05-03,9958.2
2018-05-04,9992.08
2018-05-07,10023.97
2018-05-08,10018.97
2018-05-09,10040.15
2018-05-10,10060.81
2018-05-11,10084.93
2018-05-14,10086.72
2018-05-15,10087.7
2018-05-16,10105.96
2018-05-17,10202.08
2018-05-18,10188.9
2018-05-21,10234.94
2018-05-22,10257.86
2018-05-23,10133.39
2018-05-24,10110.15
2018-05-25,10109.52
2018-05-28,10066.82
2018-05-29,9942.08
2018-05-30,9960.78
2018-05-31,9930.92
2018-06-01,10040.63
2018-06-04,10067.48
2018-06-05,10051.7
2018-06-06,10049.85
2018-06-07,10021.32
2018-06-08,10021.19
2018-06-11,10073.87
2018-06-12,10050.96
2018-06-13,10062.55
2018-06-14,10185.2
2018-06-15,10141.57
2018-06-18,10055.87
2018-06-19,9954.59
2018-06-20,9924.85
2018-06-21,9838.21
2018-06-22,9948.74
2018-06-25,9772.06
2018-06-26,9766.34
2018-06-27,9840.88
2018-06-28,9749.19
2018-06-29,9825.34
2018-07-02,9738.1
2018-07-03,9805.27
2018-07-04,9803.9
2018-07-05,9878.96
2018-07-06,9903.61
2018-07-09,9947.58
2018-07-10,10012.31
2018-07-11,9882.36
2018-07-12,9976.65
2018-07-13,10009.09
2018-07-16,9980.68
2018-07-17,9995.47
2018-07-18,10037.3
2018-07-19,9984.64
2018-07-20,9950.99
2018-07-23,9912.1
2018-07-24,10004.43
2018-07-25,9994.71
2018-07-26,10082.87
2018-07-27,10141.86
2018-07-30,10107.23
2018-07-31,10133.89
2018-08-01,10109.78
2018-08-02,10053.12
2018-08-03,10090.72
2018-08-06,10087.92
2018-08-07,10158.66
2018-08-08,10131.91
2018-08-09,10139.8
2018-08-10,10000.05
2018-08-13,9986.98
2018-08-14,9970.93
2018-08-15,9807.54
2018-08-16,9880.72
2018-08-17,9875.28
2018-08-20,9945.23
2018-08-21,9996.29
2018-08-22,10018.56
2018-08-23,10019.52
2018-08-24,10039.1
2018-08-27,10121.58
2018-08-28,10131.36
2018-08-29,10157.38
2018-08-30,10116.36
2018-08-31,9999.18
2018-09-03,9999.59
2018-09-04,9884.87
2018-09-05,9737.24
2018-09-06,9710.77
2018-09-07,9728.81
2018-09-10,9762.1
2018-09-11,9784.79
2018-09-12,9866.52
2018-09-13,9852.72
2018-09-14,9897.34
2018-09-17,9892.48
2018-09-18,9923.35
2018-09-19,9961.95
2018-09-20,10050.45
2018-09-21,10121.73
2018-09-24,10091.76
2018-09-25,10107.39
2018-09-26,10157.31
2018-09-27,10197.26
2018-09-28,10119.36
2018-10-01,10143.82
2018-10-02,10073.41
2018-10-03,10118.13
2018-10-04,9974.08
2018-10-05,9880.23
2018-10-08,9771.59
2018-10-09,9792.89
2018-10-10,9582.69
2018-10-11,9405.8
2018-10-12,9396.5
2018-10-15,9384.82
2018-10-16,9541.91
2018-10-17,9502.98
2018-10-18,9457.44
2018-10-19,9393.65
2018-10-22,9330.77
2018-10-23,9161.35
2018-10-24,9141.19
2018-10-25,9278.48
2018-10-26,9164.53
2018-10-29,9211.04
2018-10-30,9191.01
2018-10-31,9387.74
2018-11-01,9383.27
2018-11-02,9420.99
2018-11-05,9405.76
2018-11-06,9368.67
2018-11-07,9484.94
2018-11-08,9475.28
2018-11-09,9421.95
2018-11-12,9328.47
2018-11-13,9396.64
2018-11-14,9342.58
2018-11-15,9265.41
2018-11-16,9243.8
2018-11-19,9162.56
2018-11-20,9038.15
2018-11-21,9130.74
2018-11-22,9061.99
2018-11-23,9081.94
2018-11-26,9176.1
2018-11-27,9162.91
2018-11-28,9166.29
2018-11-29,9212.77
2018-11-30,9199.44
2018-12-03,9284.77
2018-12-04,9204.21
2018-12-05,9080.72
2018-12-06,8774.37
2018-12-07,8837.41
2018-12-10,8691.58
2018-12-11,8808.01
2018-12-12,8995.79
2018-12-13,8974.16
2018-12-14,8893.53
2018-12-17,8787.82
2018-12-18,8715.97
2018-12-19,8752.05
2018-12-20,8587.28
2018-12-21,8584.81
2018-12-24,8473.26
2018-12-27,8419.36
2018-12-28,8570.06
2018-12-31,8670.79
2019-01-02,8598.59
2019-01-03,8459.53
2019-01-04,8687.18
2019-01-07,8669.49
2019-01-08,8779.72
2019-01-09,8859.0
2019-01-10,8853.0
2019-01-11,8813.0
2019-01-14,8765.23
2019-01-15,8803.89
2019-01-16,8858.67
2019-01-17,8833.75
2019-01-18,8987.18
2019-01-21,8973.59
2019-01-22,8939.64
2019-01-23,8919.23
2019-01-24,8972.59
2019-01-25,9069.85
2019-01-28,9002.02
2019-01-29,9064.5
2019-01-30,9143.83
2019-01-31,9164.3
2019-02-01,9210.99
2019-02-04,9182.55
2019-02-05,9337.85
2019-02-06,9322.91
2019-02-07,9152.3
2019-02-08,9092.11
2019-02-11,9186.05
2019-02-12,9254.64
2019-02-13,9298.68
2019-02-14,9282.14
2019-02-15,9432.36
2019-02-18,9469.78
2019-02-19,9453.44
2019-02-20,9515.1
2019-02-21,9515.38
2019-02-22,9551.92
2019-02-25,9581.23
2019-02-26,9590.09
2019-02-27,9565.64
2019-02-28,9607.28
2019-03-01,9665.35
2019-03-04,9706.11
2019-03-05,9709.56
2019-03-06,9688.02
2019-03-07,9641.18
2019-03-08,9576.14
2019-03-11,9638.34
2019-03-12,9650.63
2019-03-13,9712.85
2019-03-14,9792.25
2019-03-15,9882.79
2019-03-18,9895.73
2019-03-19,9937.14
2019-03-20,9851.0
2019-03-21,9842.85
2019-03-22,9645.03
2019-03-25,9612.68
2019-03-26,9698.31
2019-03-27,9690.51
2019-03-28,9678.65
2019-03-29,9778.36
2019-04-01,9888.96
2019-04-02,9927.87
2019-04-03,10019.25
2019-04-04,10004.17
2019-04-05,10028.35
2019-04-08,10014.72
2019-04-09,9945.85
2019-04-10,9973.06
2019-04-11,10041.12
2019-04-12,10080.13
2019-04-15,10103.01
2019-04-16,10144.75
2019-04-17,10196.6
2019-04-18,10226.09
2019-04-23,10255.68
2019-04-24,10237.64
2019-04-25,10201.41
2019-04-26,10239.32
2019-04-29,10265.56
2019-04-30,10278.21
2019-05-02,10221.72
2019-05-03,10234.05
2019-05-06,10112.26
2019-05-07,9971.8
2019-05-08,10007.71
2019-05-09,9836.91
2019-05-10,9863.53
2019-05-13,9734.95
2019-05-14,9884.61
2019-05-15,9943.16
2019-05-16,10073.0
2019-05-17,10049.68
2019-05-20,9911.78
2019-05-21,9981.4
2019-05-22,9970.69
2019-05-23,9787.46
2019-05-24,9858.5
2019-05-27,9911.19
2019-05-28,9875.06
2019-05-29,9736.94
2019-05-30,9793.34
2019-05-31,9726.1
2019-06-03,9779.11
2019-06-04,9833.53
2019-06-05,9889.61
2019-06-06,9856.8
2019-06-07,10015.3
2019-06-10,10056.76
2019-06-11,10115.5
2019-06-12,10055.03
2019-06-13,10057.98
2019-06-14,10034.28
2019-06-17,10072.13
2019-06-18,10293.29
2019-06-19,10310.77
2019-06-20,10334.33
2019-06-21,10307.07
2019-06-24,10291.52
2019-06-25,10285.75
2019-06-26,10264.43
2019-06-27,10261.52
2019-06-28,10348.23
2019-07-01,10405.93
2019-07-02,10419.26
2019-07-03,10503.0
2019-07-04,10512.1
2019-07-05,10454.75
2019-07-08,10444.61
2019-07-09,10404.59
2019-07-10,10398.02
2019-07-11,10370.92
2019-07-12,10415.36
2019-07-15,10433.44
2019-07-16,10495.14
2019-07-17,10417.01
2019-07-18,10375.06
2019-07-19,10390.92
2019-07-22,10415.04
2019-07-23,10513.13
2019-07-24,10502.17
2019-07-25,10454.14
2019-07-26,10522.22
2019-07-29,10502.24
2019-07-30,10338.87
2019-07-31,10351.65
2019-08-01,10423.35
2019-08-02,10074.39
2019-08-05,9845.22
2019-08-06,9833.33
2019-08-07,9891.95
2019-08-08,10112.49
2019-08-09,9999.72
2019-08-12,9964.43
2019-08-13,10052.1
2019-08-14,9844.14
2019-08-15,9805.01
2019-08-16,9933.83
2019-08-19,10075.5
2019-08-20,10017.41
2019-08-21,10192.29
2019-08-22,10105.48
2019-08-23,9994.15
2019-08-26,10030.77
2019-08-27,10096.81
2019-08-28,10056.68
2019-08-29,10201.48
2019-08-30,10269.72
2019-09-02,10290.3
2019-09-03,10232.63
2019-09-04,10353.47
2019-09-05,10464.93
2019-09-06,10476.56
2019-09-09,10448.64
2019-09-10,10450.68
2019-09-11,10504.99
2019-09-12,10551.02
2019-09-13,10578.52
2019-09-16,10485.5
2019-09-17,10508.53
2019-09-18,10515.43
2019-09-19,10587.79
2019-09-20,10636.4
2019-09-23,10521.44
2019-09-24,10519.97
2019-09-25,10440.61
2019-09-26,10506.42
2019-09-27,10558.46
2019-09-30,10618.49
2019-10-01,10478.01
2019-10-02,10160.98
2019-10-03,10185.0
2019-10-04,10277.12
2019-10-07,10335.79
2019-10-08,10212.35
2019-10-09,10287.66
2019-10-10,10411.78
2019-10-11,10592.65
2019-10-14,10557.07
2019-10-15,10667.03
2019-10-16,10651.93
2019-10-17,10616.09
2019-10-18,10553.79
2019-10-21,10577.94
2019-10-22,10591.07
2019-10-23,10586.34
2019-10-24,10640.03
2019-10-25,10708.05
2019-10-28,10730.58
2019-10-29,10753.45
2019-10-30,10786.66
2019-10-31,10727.04
2019-11-01,10788.09
2019-11-04,10898.08
2019-11-05,10941.28
2019-11-06,10970.63
2019-11-07,11016.63
2019-11-08,11011.18
2019-11-11,11016.25
2019-11-12,11059.37
2019-11-13,11028.7
2019-11-14,11017.17
2019-11-15,11088.5
2019-11-18,11074.39
2019-11-19,11031.14
2019-11-20,11007.72
2019-11-21,10980.84
2019-11-22,11004.79
2019-11-25,11068.38
2019-11-26,11088.01
2019-11-27,11084.16
2019-11-28,11056.63
2019-11-29,11034.86
2019-12-02,10834.09
2019-12-03,10725.78
2019-12-04,10856.62
2019-12-05,10866.61
2019-12-06,10989.47
2019-12-09,10931.7
2019-12-10,10947.48
2019-12-11,10967.6
2019-12-12,11006.17
2019-12-13,11068.82
2019-12-16,11200.57
2019-12-17,11162.65
2019-12-18,11144.85
2019-12-19,11167.87
2019-12-20,11251.73
2019-12-23,11269.63
2019-12-24,11275.73
2019-12-27,11289.14
2019-12-30,11197.89
2019-12-31,11185.86
2020-01-02,11305.31
2020-01-03,11300.78
2020-01-06,11252.16
2020-01-07,11257.44
2020-01-08,11290.72
2020-01-09,11313.66
2020-01-10,11302.37
2020-01-13,11301.67
2020-01-14,11311.5
2020-01-15,11305.65
2020-01-16,11320.48
2020-01-17,11421.44
2020-01-20,11394.97
2020-01-21,11335.18
2020-01-22,11279.01
2020-01-23,11205.32
2020-01-24,11292.16
2020-01-27,11017.13
2020-01-28,11128.9
2020-01-29,11179.74
2020-01-30,11034.43
2020-01-31,10923.86
2020-02-03,10984.01
2020-02-04,11160.33
2020-02-05,11260.61
2020-02-06,11349.43
2020-02-07,11328.96
2020-02-10,11307.76
2020-02-11,11385.1
2020-02-12,11470.74
2020-02-13,11455.68
2020-02-14,11425.97
2020-02-17,11459.04
2020-02-18,11411.88
2020-02-19,11503.93
2020-02-20,11414.09
2020-02-21,11356.54
2020-02-24,10930.32
2020-02-25,10723.47
2020-02-26,10735.8
2020-02-27,10388.13
2020-02-28,10037.92
2020-03-02,10064.68
2020-03-03,10179.99
2020-03-04,10311.27
2020-03-05,10108.84
2020-03-06,9694.76
2020-03-09,8902.56
2020-03-10,8768.09
2020-03-11,8697.72
2020-03-12,7627.03
2020-03-13,7743.37
2020-03-16,7256.82
2020-03-17,7423.35
2020-03-18,7025.79
2020-03-19,7229.08
2020-03-20,7611.66
2020-03-23,7343.15
2020-03-24,7958.14
2020-03-25,8278.19
2020-03-26,8491.99
2020-03-27,8136.7
2020-03-30,8170.27
2020-03-31,8218.92
2020-04-01,7884.76
2020-04-02,7919.11
2020-04-03,7788.6
2020-04-06,8153.47
2020-04-07,8336.1
2020-04-08,8353.18
2020-04-09,8490.92
2020-04-14,8505.76
2020-04-15,8178.0
2020-04-16,8160.98
2020-04-17,8446.53
2020-04-20,8492.07
2020-04-21,8194.95
2020-04-22,8292.22
2020-04-23,8380.33
2020-04-24,8278.32
2020-04-27,8485.6
2020-04-28,8605.72
2020-04-29,8801.94
2020-04-30,8628.18
2020-05-04,8293.49
2020-05-05,8507.5
2020-05-06,8423.48
2020-05-07,8544.05
2020-05-08,8651.19
2020-05-11,8547.38
2020-05-12,8515.98
2020-05-13,8287.1
2020-05-14,8141.74
2020-05-15,8171.3
2020-05-18,8584.45
2020-05-19,8468.49
2020-05-20,8542.02
2020-05-21,8448.97
2020-05-22,8460.35
2020-05-25,8656.77
2020-05-26,8787.01
2020-05-27,8920.37
2020-05-28,9066.73
2020-05-29,8926.59
2020-06-01,9062.83
2020-06-02,9254.16
2020-06-03,9550.69
2020-06-04,9541.6
2020-06-05,9864.88
2020-06-08,9826.35
2020-06-09,9670.63
2020-06-10,9582.64
2020-06-11,9135.02
2020-06-12,9183.19
2020-06-15,9148.96
2020-06-16,9404.0
2020-06-17,9472.78
2020-06-18,9411.3
2020-06-19,9434.53
2020-06-22,9372.22
2020-06-23,9502.76
2020-06-24,9227.61
2020-06-25,9322.26
2020-06-26,9305.37
2020-06-29,9380.99
2020-06-30,9371.78
2020-07-01,9363.49
2020-07-02,9589.01
2020-07-03,9524.93
2020-07-06,9666.86
2020-07-07,9612.18
2020-07-08,9499.89
2020-07-09,9379.97
2020-07-10,9475.5
2020-07-13,9632.8
2020-07-14,9549.89
2020-07-15,9736.05
2020-07-16,9704.22
2020-07-17,9666.43
2020-07-20,9715.85
2020-07-21,9740.41
2020-07-22,9628.34
2020-07-23,9626.82
2020-07-24,9478.83
2020-07-27,9442.28
2020-07-28,9426.56
2020-07-29,9478.94
2020-07-30,9282.14
2020-07-31,9166.65
2020-08-03,9336.22
2020-08-04,9355.68
2020-08-05,9446.81
2020-08-06,9368.05
2020-08-07,9380.03
2020-08-10,9423.21
2020-08-11,9642.44
2020-08-12,9724.17
2020-08-13,9675.84
2020-08-14,9525.98
2020-08-17,9543.44
2020-08-18,9476.52
2020-08-19,9546.28
2020-08-20,9424.33
2020-08-21,9402.57
2020-08-24,9605.67
2020-08-25,9605.78
2020-08-26,9684.3
2020-08-27,9614.12
2020-08-28,9594.94
2020-08-31,9500.16
2020-09-01,9476.93
2020-09-02,9652.4
2020-09-03,9600.75
2020-09-04,9518.64
2020-09-07,9692.37
2020-09-08,9536.2
2020-09-09,9671.51
2020-09-10,9641.37
2020-09-11,9653.35
2020-09-14,9694.31
2020-09-15,9720.27
2020-09-16,9740.14
2020-09-17,9672.86
2020-09-18,9556.41
2020-09-21,9200.03
2020-09-22,9171.14
2020-09-23,9217.39
2020-09-24,9135.99
2020-09-25,9099.62
2020-09-28,9321.84
2020-09-29,9291.57
2020-09-30,9261.31
2020-10-01,9292.92
2020-10-02,9290.8
2020-10-05,9394.63
2020-10-06,9450.16
2020-10-07,9426.85
2020-10-08,9489.23
2020-10-09,9546.78
2020-10-12,9604.29
2020-10-13,9538.04
2020-10-14,9528.37
2020-10-15,9332.3
2020-10-16,9501.32
2020-10-19,9516.35
2020-10-20,9503.5
2020-10-21,9358.37
2020-10-22,9354.04
2020-10-23,9460.48
2020-10-26,9275.51
2020-10-27,9114.18
2020-10-28,8801.22
2020-10-29,8804.25
2020-10-30,8845.32
2020-11-02,9025.5
2020-11-03,9237.62
2020-11-04,9451.7
2020-11-05,9570.49
2020-11-06,9524.59
2020-11-09,10222.63
2020-11-10,10390.21
2020-11-11,10430.38
2020-11-12,10293.59
2020-11-13,10333.67
2020-11-16,10521.64
2020-11-17,10538.38
2020-11-18,10590.03
2020-11-19,10518.41
2020-11-20,10553.08
2020-11-23,10553.61
2020-11-24,10686.15
2020-11-25,10702.34
2020-11-26,10694.93
2020-11-27,10760.05
2020-11-30,10611.17
2020-12-01,10735.07
2020-12-02,10728.25
2020-12-03,10714.0
2020-12-04,10786.17
2020-12-07,10728.13
2020-12-08,10706.25
2020-12-09,10679.39
2020-12-10,10675.89
2020-12-11,10599.16
2020-12-14,10638.73
2020-12-15,10648.15
2020-12-16,10686.79
2020-12-17,10698.24
2020-12-18,10659.3
2020-12-21,10407.01
2020-12-22,10543.91
2020-12-23,10665.11
2020-12-24,10657.18
2020-12-28,10769.97
2020-12-29,10816.31
2020-12-30,10791.33
2020-12-31,10703.57
2021-01-04,10788.91
2021-01-05,10751.55
2021-01-06,10875.19
2021-01-07,10948.17
2021-01-08,11020.14
2021-01-11,10937.44
2021-01-12,10923.3
2021-01-13,10943.09
2021-01-14,10992.43
2021-01-15,10871.48
2021-01-18,10883.39
2021-01-19,10853.97
2021-01-20,10910.4
2021-01-21,10846.77
2021-01-22,10774.93
2021-01-25,10588.69
2021-01-26,10687.7
2021-01-27,10576.34
2021-01-28,10665.37
2021-01-29,10471.63
2021-02-01,10592.83
2021-02-02,10786.91
2021-02-03,10790.56
2021-02-04,10875.83
2021-02-05,10969.72
2021-02-08,11013.38
2021-02-09,11020.2
2021-02-10,10979.57
2021-02-11,10986.81
2021-02-12,11040.24
2021-02-15,11188.98
2021-02-16,11186.93
2021-02-17,11143.79
2021-02-18,11065.57
2021-02-19,11139.5
2021-02-22,11124.15
2021-02-23,11142.66
2021-02-24,11179.47
2021-02-25,11158.39
2021-02-26,11004.78
2021-03-01,11178.04
2021-03-02,11205.2
2021-03-03,11238.09
2021-03-04,11241.85
2021-03-05,11145.72
2021-03-08,11366.5
2021-03-09,11411.44
2021-03-10,11517.82
2021-03-11,11598.62
2021-03-12,11621.95
2021-03-15,11601.59
2021-03-16,11644.12
2021-03-17,11641.94
2021-03-18,11651.06
2021-03-19,11537.34
2021-03-22,11489.41
2021-03-23,11447.1
2021-03-24,11450.05
2021-03-25,11465.85
2021-03-26,11531.73
2021-03-29,11575.65
2021-03-30,11701.2
2021-03-31,11665.62
2021-04-01,11750.13
2021-04-06,11811.49
2021-04-07,11813.27
2021-04-08,11876.91
2021-04-09,11875.1
2021-04-12,11857.13
2021-04-13,11907.25
2021-04-14,11945.29
2021-04-15,11987.02
2021-04-16,12082.81
2021-04-19,12102.46
2021-04-20,11878.03
2021-04-21,11946.89
2021-04-22,12052.54
2021-04-23,12034.18
2021-04-26,12079.44
2021-04-27,12084.21
2021-04-28,12144.48
2021-04-29,12129.49
2021-04-30,12066.06
2021-05-03,12140.05
2021-05-04,12035.53
2021-05-05,12220.53
2021-05-06,12249.73
2021-05-07,12333.36
2021-05-10,12359.55
2021-05-11,12140.71
2021-05-12,12150.31
2021-05-13,12156.22
2021-05-14,12337.13
2021-05-17,12311.52
2021-05-18,12298.45
2021-05-19,12125.36
2021-05-20,12267.27
2021-05-21,12340.6
2021-05-24,12396.78
2021-05-25,12370.85
2021-05-26,12380.95
2021-05-27,12460.97
2021-05-28,12556.89
2021-05-31,12494.78
2021-06-01,12576.17
2021-06-02,12631.1
2021-06-03,12605.0
2021-06-04,12628.68
2021-06-07,12687.91
2021-06-08,12704.53
2021-06-09,12731.77
2021-06-10,12700.11
2021-06-11,12810.64
2021-06-14,12843.11
2021-06-15,12880.86
2021-06-16,12901.78
2021-06-17,12914.66
2021-06-18,12733.69
2021-06-21,12788.91
2021-06-22,12808.34
2021-06-23,12702.12
2021-06-24,12861.19
2021-06-25,12854.12
2021-06-28,12729.56
2021-06-29,12748.75
2021-06-30,12642.16
2021-07-01,12737.01
2021-07-02,12744.14
2021-07-05,12774.1
2021-07-06,12669.34
2021-07-07,12708.08
2021-07-08,12465.51
2021-07-09,12700.87
2021-07-12,12753.21
2021-07-13,12746.57
2021-07-14,12739.21
2021-07-15,12612.37
2021-07-16,12560.7
2021-07-19,12250.03
2021-07-20,12338.3
2021-07-21,12561.74
2021-07-22,12601.25
2021-07-23,12759.63
2021-07-26,12777.91
2021-07-27,12691.83
2021-07-28,12834.11
2021-07-29,12878.61
2021-07-30,12846.99
2021-08-02,12957.52
2021-08-03,13023.44
2021-08-04,13069.62
2021-08-05,13146.28
2021-08-06,13205.85
2021-08-09,13198.12
2021-08-10,13211.52
2021-08-11,13279.32
2021-08-12,13322.23
2021-08-13,13344.11
2021-08-16,13243.45
2021-08-17,13207.29
2021-08-18,13140.44
2021-08-19,12841.54
2021-08-20,12877.31
2021-08-23,12980.93
2021-08-24,12959.5
2021-08-25,12984.63
2021-08-26,12964.22
2021-08-27,13003.32
2021-08-30,13020.42
2021-08-31,13005.0
2021-09-01,13149.56
2021-09-02,13161.07
2021-09-03,13024.4
2021-09-06,13118.39
2021-09-07,13092.79
2021-09-08,12987.53
2021-09-09,13013.2
2021-09-10,12965.7
2021-09-13,12983.85
2021-09-14,12949.0
2021-09-15,12820.57
2021-09-16,12887.23
2021-09-17,12799.76
2021-09-20,12582.53
2021-09-21,12766.6
2021-09-22,12922.53
2021-09-23,13050.13
2021-09-24,12937.18
2021-09-27,12962.27
2021-09-28,12705.78
2021-09-29,12793.74
2021-09-30,12725.0
2021-10-01,12718.29
2021-10-04,12643.43
2021-10-05,12815.93
2021-10-06,12646.95
2021-10-07,12842.11
2021-10-08,12777.62
2021-10-11,12799.14
2021-10-12,12765.34
2021-10-13,12856.84
2021-10-14,13010.71
2021-10-15,13090.54
2021-10-18,12991.44
2021-10-19,12997.54
2021-10-20,13055.21
2021-10-21,13028.07
2021-10-22,13113.63
2021-10-25,13078.37
2021-10-26,13182.75
2021-10-27,13167.99
2021-10-28,13258.88
2021-10-29,13297.64
2021-11-01,13417.95
2021-11-02,13474.01
2021-11-03,13510.61
2021-11-04,13586.17
2021-11-05,13672.11
2021-11-08,13685.28
2021-11-09,13668.45
2021-11-10,13672.79
2021-11-11,13690.76
2021-11-12,13746.7
2021-11-15,13814.38
2021-11-16,13860.23
2021-11-17,13859.13
2021-11-18,13819.63
2021-11-19,13751.83
2021-11-22,13738.17
2021-11-23,13621.52
2021-11-24,13616.73
2021-11-25,13689.82
2021-11-26,13071.46
2021-11-29,13131.91
2021-11-30,13037.82
2021-12-01,13320.3
2021-12-02,13158.54
2021-12-03,13096.49
2021-12-06,13283.27
2021-12-07,13642.23
2021-12-08,13547.63
2021-12-09,13532.79
2021-12-10,13499.58
2021-12-13,13403.88
2021-12-14,13315.48
2021-12-15,13365.62
2021-12-16,13502.44
2021-12-17,13373.14
2021-12-20,13258.03
2021-12-21,13443.32
2021-12-22,13610.49
2021-12-23,13711.58
2021-12-24,13680.92
2021-12-27,13777.43
2021-12-28,13852.56
2021-12-29,13822.44
2021-12-30,13847.5
2021-12-31,13815.55
2022-01-03,13952.14
2022-01-04,14122.99
2022-01-05,14226.64
2022-01-06,13998.31
2022-01-07,13940.08
2022-01-10,13750.48
2022-01-11,13877.84
2022-01-12,13969.8
2022-01-13,13923.46
2022-01-14,13806.68
2022-01-17,13913.11
2022-01-18,13790.01
2022-01-19,13855.18
2022-01-20,13889.62
2022-01-21,13653.17
2022-01-24,13106.93
2022-01-25,13188.86
2022-01-26,13452.07
2022-01-27,13517.88
2022-01-28,13413.31
2022-01-31,13480.29
2022-02-01,13670.41
2022-02-02,13703.33
2022-02-03,13498.35
2022-02-04,13378.01
2022-02-07,13478.66
2022-02-08,13518.04
2022-02-09,13725.87
2022-02-10,13688.91
2022-02-11,13522.17
2022-02-14,13225.79
2022-02-15,13470.75
2022-02-16,13447.79
2022-02-17,13403.29
2022-02-18,13351.16
2022-02-21,13088.28
2022-02-22,13091.42
2022-02-23,13073.91
2022-02-24,12590.87
2022-02-25,13023.68
2022-02-28,12865.37
2022-03-01,12367.78
2022-03-02,12546.86
2022-03-03,12310.34
2022-03-04,11704.99
2022-03-07,11536.62
2022-03-08,11503.64
2022-03-09,12314.69
2022-03-10,11994.63
2022-03-11,12113.12
2022-03-14,12319.69
2022-03-15,12286.35
2022-03-16,12729.9
2022-03-17,12776.43
2022-03-18,12800.62
2022-03-21,12735.42
2022-03-22,12892.9
2022-03-23,12742.6
2022-03-24,12684.25
2022-03-25,12687.34
2022-03-28,12751.55
2022-03-29,13142.42
2022-03-30,13044.55
2022-03-31,12888.12
2022-04-01,12928.23
2022-04-04,13013.93
2022-04-05,12848.13
2022-04-06,12569.86
2022-04-07,12504.96
2022-04-08,12668.19
2022-04-11,12687.34
2022-04-12,12653.51
2022-04-13,12661.99
2022-04-14,12756.49
2022-04-19,12682.93
2022-04-20,12848.59
2022-04-21,13023.65
2022-04-22,12774.52
2022-04-25,12552.69
2022-04-26,12501.43
2022-04-27,12557.51
2022-04-28,12679.22
2022-04-29,12728.6
2022-05-02,12520.96
2022-05-03,12631.89
2022-05-04,12492.97
2022-05-05,12437.1
2022-05-06,12283.61
2022-05-09,11943.06
2022-05-10,12013.88
2022-05-11,12292.83
2022-05-12,12171.8
2022-05-13,12480.23
2022-05-16,12470.2
2022-05-17,12651.4
2022-05-18,12513.77
2022-05-19,12357.93
2022-05-20,12395.61
2022-05-23,12572.07
2022-05-24,12362.23
2022-05-25,12462.26
2022-05-26,12677.01
2022-05-27,12873.63
2022-05-30,12981.09
2022-05-31,12804.67
2022-06-01,12706.93
2022-06-02,12860.45
2022-06-03,12832.52
2022-06-06,12965.18
2022-06-07,12886.47
2022-06-08,12782.96
2022-06-09,12606.99
2022-06-10,12276.82
2022-06-13,11928.11
2022-06-14,11774.06
2022-06-15,11939.51
2022-06-16,11646.42
2022-06-17,11653.59
2022-06-20,11731.97
2022-06-21,11831.1
2022-06-22,11732.76
2022-06-23,11651.19
2022-06-24,12008.85
2022-06-27,11969.78
2022-06-28,12048.2
2022-06-29,11922.39
2022-06-30,11702.26
2022-07-01,11724.34
2022-07-04,11769.39
2022-07-05,11466.21
2022-07-06,11692.05
2022-07-07,11891.59
2022-07-08,11961.29
2022-07-11,11878.66
2022-07-12,11971.42
2022-07-13,11887.88
2022-07-14,11721.45
2022-07-15,11959.38
2022-07-18,12073.79
2022-07-19,12290.96
2022-07-20,12263.82
2022-07-21,12293.43
2022-07-22,12330.33
2022-07-25,12357.12
2022-07-26,12302.27
2022-07-27,12402.64
2022-07-28,12557.32
2022-07-29,12769.12
2022-08-01,12746.81
2022-08-02,12689.35
2022-08-03,12815.46
2022-08-04,12892.03
2022-08-05,12809.1
2022-08-08,12913.03
2022-08-09,12843.66
2022-08-10,12922.74
2022-08-11,12961.26
2022-08-12,12973.86
2022-08-15,13006.38
2022-08-16,13049.2
2022-08-17,12914.21
2022-08-18,12967.87
2022-08-19,12839.15
2022-08-22,12604.97
2022-08-23,12572.91
2022-08-24,12620.06
2022-08-25,12618.59
2022-08-26,12409.59
2022-08-29,12308.44
2022-08-30,12282.49
2022-08-31,12130.42
2022-09-01,11943.6
2022-09-02,12203.07
2022-09-05,12055.15
2022-09-06,12075.77
2022-09-07,12072.25
2022-09-08,12109.24
2022-09-09,12281.63
2022-09-12,12515.25
2022-09-13,12333.8
2022-09-14,12281.87
2022-09-15,12160.96
2022-09-16,11998.64
2022-09-19,11971.28
2022-09-20,11794.54
2022-09-21,11899.58
2022-09-22,11665.28
2022-09-23,11394.55
2022-09-26,11365.82
2022-09-27,11338.77
2022-09-28,11362.52
2022-09-29,11181.48
2022-09-30,11354.9
2022-10-03,11426.65
2022-10-04,11896.44
2022-10-05,11779.92
2022-10-06,11694.37
2022-10-07,11553.35
2022-10-10,11497.97
2022-10-11,11480.49
2022-10-12,11440.14
2022-10-13,11568.05
2022-10-14,11668.62
2022-10-17,11887.43
2022-10-18,11944.83
2022-10-19,11882.43
2022-10-20,11974.59
2022-10-21,11878.88
2022-10-24,12066.02
2022-10-25,12287.53
2022-10-26,12350.11
2022-10-27,12296.07
2022-10-28,12339.63
2022-10-31,12337.62
2022-11-01,12449.26
2022-11-02,12345.88
2022-11-03,12276.41
2022-11-04,12600.74
2022-11-07,12612.76
2022-11-08,12668.99
2022-11-09,12646.69
2022-11-10,12908.57
2022-11-11,12982.57
2022-11-14,13005.75
2022-11-15,13067.91
2022-11-16,12974.21
2022-11-17,12913.73
2022-11-18,13042.81
2022-11-21,13024.7
2022-11-22,13069.79
2022-11-23,13109.67
2022-11-24,13175.17
2022-11-25,13188.49
2022-11-28,13094.38
2022-11-29,13094.59
2022-11-30,13213.66
2022-12-01,13268.84
2022-12-02,13252.3
2022-12-05,13171.92
2022-12-06,13143.95
2022-12-07,13086.52
2022-12-08,13066.25
2022-12-09,13129.32
2022-12-12,13069.87
2022-12-13,13253.23
2022-12-14,13231.39
2022-12-15,12842.99
2022-12-16,12703.05
2022-12-19,12742.4
2022-12-20,12693.04
2022-12-21,12945.32
2022-12-22,12827.18
2022-12-23,12812.08
2022-12-27,12892.38
2022-12-28,12819.87
2022-12-29,12946.19
2022-12-30,12753.69
2023-01-02,12998.63
2023-01-03,13052.77
2023-01-04,13330.02
2023-01-05,13299.98
2023-01-06,13484.9
2023-01-09,13582.43
2023-01-10,13503.32
2023-01-11,13612.89
2023-01-12,13716.22
2023-01-13,13809.86
2023-01-16,13857.07
2023-01-17,13923.28
2023-01-18,13939.43
2023-01-19,13686.72
2023-01-20,13769.84
2023-01-23,13844.22
2023-01-24,13875.16
2023-01-25,13854.79
2023-01-26,13955.73
2023-01-27,13963.19
2023-01-30,13928.03
2023-01-31,13926.04
2023-02-01,13928.69
2023-02-02,14114.55
2023-02-03,14240.73
2023-02-06,14056.25
2023-02-07,14040.25
2023-02-08,14024.29
2023-02-09,14150.59
2023-02-10,14027.18
2023-02-13,14173.87
2023-02-14,14189.84
2023-02-15,14346.93
2023-02-16,14467.01
2023-02-17,14431.59
2023-02-20,14413.97
2023-02-21,14362.22
2023-02-22,14328.72
2023-02-23,14367.94
2023-02-24,14136.17
2023-02-27,14341.98
2023-02-28,14290.78
2023-03-01,14231.3
2023-03-02,14325.37
2023-03-03,14453.35
2023-03-06,14501.82
2023-03-07,14431.1
2023-03-08,14408.27
2023-03-09,14385.51
2023-03-10,14196.76
2023-03-13,13784.35
2023-03-14,14036.73
2023-03-15,13534.52
2023-03-16,13797.4
2023-03-17,13604.27
2023-03-20,13765.2
2023-03-21,13967.94
2023-03-22,14006.89
2023-03-23,14013.92
2023-03-24,13760.36
2023-03-27,13879.25
2023-03-28,13891.74
2023-03-29,14082.09
2023-03-30,14242.12
2023-03-31,14346.45
2023-04-03,14384.83
2023-04-04,14379.64
2023-04-05,14319.77
2023-04-06,14345.05
2023-04-11,14469.87
2023-04-12,14483.45
2023-04-13,14634.9
2023-04-14,14706.08
2023-04-17,14679.4
2023-04-18,14746.26
2023-04-19,14771.24
2023-04-20,14739.35
2023-04-21,14806.0
2023-04-24,14823.6
2023-04-25,14773.83
2023-04-26,14669.08
2023-04-27,14701.24
2023-04-28,14754.41
2023-05-02,14551.87
2023-05-03,14596.16
2023-05-04,14468.16
2023-05-05,14648.91
2023-05-08,14692.32
2023-05-09,14636.75
2023-05-10,14571.77
2023-05-11,14610.16
2023-05-12,14670.62
2023-05-15,14697.47
2023-05-16,14671.75
2023-05-17,14668.2
2023-05-18,14761.0
2023-05-19,14846.57
2023-05-22,14869.01
2023-05-23,14690.6
2023-05-24,14441.88
2023-05-25,14387.55
2023-05-26,14558.46
2023-05-29,14531.64
2023-05-30,14416.42
2023-05-31,14202.96
2023-06-01,14287.45
2023-06-02,14555.3
2023-06-05,14429.42
2023-06-06,14453.04
2023-06-07,14445.5
2023-06-08,14486.72
2023-06-09,14471.73
2023-06-12,14553.55
2023-06-13,14633.67
2023-06-14,14711.54
2023-06-15,14635.73
2023-06-16,14818.19
2023-06-19,14659.2
2023-06-20,14610.02
2023-06-21,14559.87
2023-06-22,14451.11
2023-06-23,14358.52
2023-06-26,14393.39
2023-06-27,14453.05
2023-06-28,14602.46
2023-06-29,14656.48
2023-06-30,14820.51
2023-07-03,14801.7
2023-07-04,14776.92
2023-07-05,14665.73
2023-07-06,14221.58
2023-07-07,14291.34
2023-07-10,14351.7
2023-07-11,14502.96
2023-07-12,14731.05
2023-07-13,14804.07
2023-07-14,14804.82
2023-07-17,14646.2
2023-07-18,14705.96
2023-07-19,14730.89
2023-07-20,14832.13
2023-07-21,14923.39
2023-07-24,14920.85
2023-07-25,14896.98
2023-07-26,14722.43
2023-07-27,14999.33
2023-07-28,15015.55
2023-07-31,15042.79
2023-08-01,14869.2
2023-08-02,14685.31
2023-08-03,14580.28
2023-08-04,14684.46
2023-08-07,14695.55
2023-08-08,14599.7
2023-08-09,14698.34
2023-08-10,14911.17
2023-08-11,14722.81
2023-08-14,14738.83
2023-08-15,14583.37
2023-08-16,14566.73
2023-08-17,14431.3
2023-08-18,14368.92
2023-08-21,14432.85
2023-08-22,14521.81
2023-08-23,14535.83
2023-08-24,14470.73
2023-08-25,14496.86
2023-08-28,14685.06
2023-08-29,14786.51
2023-08-30,14767.54
2023-08-31,14687.37
2023-09-01,14655.35
2023-09-04,14619.11
2023-09-05,14569.0
2023-09-06,14455.05
2023-09-07,14447.68
2023-09-08,14530.41
2023-09-11,14604.22
2023-09-12,14550.47
2023-09-13,14493.25
2023-09-14,14659.71
2023-09-15,14789.44
2023-09-18,14577.63
2023-09-19,14589.23
2023-09-20,14704.82
2023-09-21,14465.92
2023-09-22,14407.7
2023-09-25,14277.88
2023-09-26,14174.61
2023-09-27,14170.0
2023-09-28,14254.85
2023-09-29,14301.85
2023-10-02,14161.33
2023-10-03,14005.08
2023-10-04,14003.0
2023-10-05,14006.05
2023-10-06,14126.45
2023-10-09,14046.41
2023-10-10,14325.83
2023-10-11,14265.45
2023-10-12,14216.49
2023-10-13,14001.29
2023-10-16,14040.74
2023-10-17,14051.76
2023-10-18,13921.64
2023-10-19,13821.77
2023-10-20,13611.83
2023-10-23,13670.93
2023-10-24,13754.77
2023-10-25,13778.76
2023-10-26,13729.97
2023-10-27,13562.91
2023-10-30,13624.92
2023-10-31,13749.69
2023-11-01,13842.44
2023-11-02,14104.58
2023-11-03,14094.69
2023-11-06,14021.83
2023-11-07,13962.09
2023-11-08,14055.95
2023-11-09,14214.71
2023-11-10,14077.0
2023-11-13,14159.67
2023-11-14,14377.9
2023-11-15,14425.57
2023-11-16,14339.22
2023-11-17,14473.82
2023-11-20,14498.19
2023-11-21,14454.61
2023-11-22,14522.23
2023-11-23,14552.01
2023-11-24,14591.81
2023-11-27,14536.11
2023-11-28,14508.06
2023-11-29,14549.54
2023-11-30,14628.35
2023-12-01,14703.28
2023-12-04,14662.71
2023-12-05,14769.89
2023-12-06,14865.53
2023-12-07,14850.23
2023-12-08,15038.25
2023-12-11,15087.09
2023-12-12,15068.67
2023-12-13,15045.23
2023-12-14,15169.23
2023-12-15,15206.44
2023-12-18,15154.86
2023-12-19,15180.87
2023-12-20,15206.28
2023-12-21,15179.79
2023-12-22,15178.27
2023-12-27,15191.65
2023-12-28,15122.26
2023-12-29,15134.81
2024-01-02,15127.93
2024-01-03,14888.5
2024-01-04,14969.64
2024-01-05,14904.19
2024-01-08,14964.74
2024-01-09,14916.3
2024-01-10,14908.36
2024-01-11,14830.14
2024-01-12,14984.04
2024-01-15,14886.89
2024-01-16,14851.09
2024-01-17,14688.05
2024-01-18,14846.61
2024-01-19,14786.74
2024-01-22,14881.01
2024-01-23,14837.5
2024-01-24,14973.78
2024-01-25,14990.66
2024-01-26,15314.47
2024-01-29,15319.49
2024-01-30,15380.4
2024-01-31,15348.52
2024-02-01,15216.5
2024-02-02,15221.72
2024-02-05,15210.58
2024-02-06,15303.2
2024-02-07,15244.44
2024-02-08,15348.21
2024-02-09,15316.67
2024-02-12,15400.67
2024-02-13,15267.41
2024-02-14,15365.2
2024-02-15,15496.58
2024-02-16,15551.88
2024-02-19,15540.92
2024-02-20,15578.62
2024-02-21,15612.07
2024-02-22,15814.05
2024-02-23,15913.74
2024-02-26,15836.48
2024-02-27,15877.57
2024-02-28,15876.55
2024-02-29,15823.01
2024-03-01,15840.01
2024-03-04,15878.04
2024-03-05,15833.0
2024-03-06,15878.7
2024-03-07,15999.63
2024-03-08,16023.42
2024-03-11,15999.61
2024-03-12,16132.18
2024-03-13,16224.66
2024-03-14,16262.46
2024-03-15,16260.8
2024-03-18,16234.13
2024-03-19,16330.18
2024-03-20,16282.31
2024-03-21,16332.8
2024-03-22,16287.26
2024-03-25,16291.12
2024-03-26,16358.67
2024-03-27,16398.62
2024-03-28,16407.21
2024-04-02,16260.25
2024-04-03,16315.19
2024-04-04,16309.25
2024-04-05,16130.25
2024-04-08,16249.8
2024-04-09,16122.02
2024-04-10,16107.71
2024-04-11,16063.2
2024-04-12,16033.07
2024-04-15,16094.11
2024-04-16,15880.45
2024-04-17,15971.84
2024-04-18,16053.75
2024-04-19,16043.8
2024-04-22,16116.48
2024-04-23,16273.91
2024-04-24,16241.1
2024-04-25,16090.77
2024-04-26,15594.63
2024-04-29,16219.14
2024-04-30,16095.02
2024-05-02,16006.28
2024-05-03,16110.04
2024-05-06,16202.31
2024-05-07,16363.59
2024-05-08,16477.57
2024-05-09,16586.38
2024-05-10,16652.17
2024-05-13,16669.59
2024-05-14,16715.81
2024-05-15,16748.31
2024-05-16,16656.25
2024-05-17,16612.49
2024-05-20,16683.29
2024-05-21,16623.53
2024-05-22,16538.23
2024-05-23,16554.66
2024-05-24,16546.28
2024-05-27,16633.06
2024-05-28,16516.59
2024-05-29,16283.19
2024-05-30,16378.55
2024-05-31,16417.82
2024-06-03,16435.96
2024-06-04,16318.56
2024-06-05,16455.15
2024-06-06,16519.9
2024-06-07,16434.0
2024-06-10,16222.81
2024-06-11,16001.32
2024-06-12,16155.22
2024-06-13,15820.6
2024-06-14,15385.42
2024-06-17,15514.65
2024-06-18,15640.24
2024-06-19,15536.56
2024-06-20,15746.94
2024-06-21,15645.44
2024-06-24,15808.07
2024-06-25,15710.29
2024-06-26,15594.63
2024-06-27,15436.75
2024-06-28,15322.71
2024-07-01,15507.52
2024-07-02,15465.19
2024-07-03,15663.41
2024-07-04,15794.41
2024-07-05,15757.13
2024-07-08,15665.3
2024-07-09,15415.19
2024-07-10,15552.22
2024-07-11,15674.75
2024-07-12,15863.49
2024-07-15,15687.29
2024-07-16,15582.61
2024-07-17,15572.12
2024-07-18,15610.37
2024-07-19,15484.22
2024-07-22,15664.27
2024-07-23,15619.56
2024-07-24,15461.4
2024-07-25,15287.29
2024-07-26,15483.88
2024-07-29,15340.65
2024-07-30,15403.93
2024-07-31,15515.14
2024-08-01,15193.38
2024-08-02,14938.74
2024-08-05,14714.63
2024-08-06,14683.72
2024-08-07,14959.04
2024-08-08,14909.55
2024-08-09,14962.98
2024-08-12,14925.67
2024-08-13,14980.81
2024-08-14,15093.63
2024-08-15,15273.93
2024-08-16,15323.55
2024-08-19,15429.8
2024-08-20,15391.16
2024-08-21,15469.64
2024-08-22,15474.04
2024-08-23,15583.09
2024-08-26,15610.34
2024-08-27,15563.8
2024-08-28,15586.93
2024-08-29,15709.39
2024-08-30,15698.98
2024-09-02,15720.48
2024-09-03,15575.27
2024-09-04,15431.97
2024-09-05,15312.75
2024-09-06,15140.6
2024-09-09,15284.74
2024-09-10,15243.87
2024-09-11,15216.92
2024-09-12,15298.27
2024-09-13,15369.8
2024-09-16,15336.74
2024-09-17,15419.68
2024-09-18,15339.3
2024-09-19,15682.03
2024-09-20,15443.25
2024-09-23,15457.56
2024-09-24,15638.71
2024-09-25,15583.06
2024-09-26,15930.42
2024-09-27,16035.83
2024-09-30,15712.36
2024-10-01,15590.94
2024-10-02,15591.85
2024-10-03,15391.83
2024-10-04,15534.27
2024-10-07,15590.27
2024-10-08,15483.79
2024-10-09,15567.88
2024-10-10,15525.19
2024-10-11,15603.64
2024-10-14,15648.17
2024-10-15,15503.69
2024-10-16,15449.99
2024-10-17,15629.98
2024-10-18,15688.83
2024-10-21,15528.54
2024-10-22,15528.28
2024-10-23,15450.62
2024-10-24,15464.71
2024-10-25,15447.76
2024-10-28,15570.86
2024-10-29,15476.28
2024-10-30,15304.95
2024-10-31,15158.88
2024-11-01,15277.41
2024-11-04,15204.26
2024-11-05,15274.33
2024-11-06,15190.91
2024-11-07,15308.45
2024-11-08,15144.24
2024-11-11,15316.8
2024-11-12,14910.28
2024-11-13,14885.84
2024-11-14,15083.52
2024-11-15,15000.81
2024-11-18,15014.9
2024-11-19,14912.21
2024-11-20,14845.03
2024-11-21,14867.15
2024-11-22,14954.21
2024-11-25,14971.32
2024-11-26,14839.7
2024-11-27,14737.16
2024-11-28,14812.69
2024-11-29,14916.39
2024-12-02,14905.58
2024-12-03,14940.64
2024-12-04,15048.92
2024-12-05,15119.11
2024-12-06,15311.52
2024-12-09,15415.04
2024-12-10,15262.05
2024-12-11,15313.71
2024-12-12,15305.69
2024-12-13,15280.03
2024-12-16,15169.69
2024-12-17,15177.6
2024-12-18,15218.0
2024-12-19,15032.34
2024-12-20,14996.84
2024-12-23,14993.74
2024-12-24,15016.05
2024-12-27,15165.25
2024-12-30,15083.46
2024-12-31,15224.17
2025-01-02,15266.48
2025-01-03,15046.13
2025-01-06,15374.39
2025-01-07,15446.9
2025-01-08,15368.05
2025-01-09,15440.04
2025-01-10,15313.32
2025-01-13,15267.54
2025-01-14,15300.11
2025-01-15,15416.91
2025-01-16,15716.03
2025-01-17,15868.83
2025-01-20,15919.46
2025-01-21,15992.26
2025-01-22,16111.76
2025-01-23,16213.15
2025-01-24,16280.55
2025-01-27,16246.71
2025-01-28,16240.7
2025-01-29,16186.59
2025-01-30,16334.04
2025-01-31,16353.78
2025-02-03,16159.55
2025-02-04,16265.71
2025-02-05,16238.89
2025-02-06,16464.35
2025-02-07,16394.99
2025-02-10,16465.03
2025-02-11,16511.16
2025-02-12,16533.66
2025-02-13,16774.58
2025-02-14,16806.27
2025-02-17,16831.99
2025-02-18,16863.1
2025-02-19,16668.05
2025-02-20,16691.38
2025-02-21,16762.65
2025-02-24,16650.55
2025-02-25,16565.75
2025-02-26,16751.35
2025-02-27,16676.04
2025-02-28,16682.8
2025-03-03,16864.5
2025-03-04,16548.39
2025-03-05,16830.72
2025-03-06,16913.98
2025-03-07,16756.32
2025-03-10,16603.06
2025-03-11,16387.38
2025-03-12,16486.76
2025-03-13,16376.46
2025-03-14,16568.99
2025-03-17,16673.57
2025-03-18,16761.29
2025-03-19,16865.43
2025-03-20,16700.55
2025-03-21,16594.38
2025-03-24,16553.42
2025-03-25,16726.02
2025-03-26,16587.7
2025-03-27,16501.26
2025-03-28,16350.0
2025-03-31,16085.03
2025-04-01,16254.64
2025-04-02,16215.09
2025-04-03,15702.53
2025-04-04,15018.53
2025-04-07,14319.53
2025-04-08,14687.59
2025-04-09,14203.25
2025-04-10,14730.29
2025-04-11,14701.82
2025-04-14,15054.98
2025-04-15,15202.89
2025-04-16,15191.31
2025-04-17,15109.54
2025-04-22,15227.86
2025-04-23,15538.31
2025-04-24,15598.57
2025-04-25,15687.88
2025-04-28,15767.99
2025-04-29,15740.88
2025-04-30,15833.36
2025-05-02,16189.87
2025-05-05,16183.23
2025-05-06,16121.0
2025-05-07,15989.68
2025-05-08,16132.03
2025-05-09,16229.22
2025-05-12,16490.51
2025-05-13,16563.13
2025-05-14,16481.21
2025-05-15,16517.67
2025-05-16,16583.87
2025-05-19,16635.89
2025-05-20,16768.16
2025-05-21,16715.12
2025-05-22,16619.49
2025-05-23,16363.02
2025-05-26,16587.63
2025-05-27,16598.59
2025-05-28,16520.58
2025-05-29,16515.69
2025-05-30,16462.18
2025-06-02,16436.02
2025-06-03,16494.56
2025-06-04,16571.02
2025-06-05,16543.81
2025-06-06,16567.3
2025-06-09,16549.91
2025-06-10,16579.21
2025-06-11,16530.28
2025-06-12,16507.11
2025-06-13,16333.98
2025-06-16,16456.47
2025-06-17,16337.65
2025-06-18,16282.18
2025-06-19,16086.72
2025-06-20,16164.54
2025-06-23,16058.58
2025-06-24,16231.73
2025-06-25,16117.8
2025-06-26,16124.76
2025-06-27,16398.63
2025-06-30,16349.56
2025-07-01,16345.59
2025-07-02,16502.87
2025-07-03,16533.59
2025-07-04,16413.22
2025-07-07,16465.58
2025-07-08,16554.95
2025-07-09,16782.9
2025-07-10,16839.45
2025-07-11,16691.11
2025-07-14,16645.89
2025-07-15,16558.73
2025-07-16,16461.01
2025-07-17,16666.28
2025-07-18,16681.05
2025-07-21,16635.28
2025-07-22,16520.33
2025-07-23,16753.31
2025-07-24,16695.63
2025-07-25,16722.86
2025-07-28,16649.25
2025-07-29,16754.57
2025-07-30,16758.77
2025-07-31,16575.37
2025-08-01,16119.63
2025-08-04,16296.11
2025-08-05,16285.63
2025-08-06,16314.17
2025-08-07,16471.63
2025-08-08,16542.5
2025-08-11,16454.88
2025-08-12,16565.88
2025-08-13,16668.36
2025-08-14,16799.35
2025-08-15,16907.22
2025-08-18,16832.79
2025-08-19,17024.26
2025-08-20,17009.39
2025-08-21,16942.73
2025-08-22,17020.16
2025-08-25,16749.08
2025-08-26,16450.46
2025-08-27,16507.86
2025-08-28,16543.11
2025-08-29,16423.89
2025-09-01,16424.05
2025-09-02,16289.66
2025-09-03,16418.27
2025-09-04,16386.0
2025-09-05,16339.19
2025-09-08,16461.54
2025-09-09,16492.57
2025-09-10,16521.88
2025-09-11,16652.69
2025-09-12,16662.65
2025-09-15,16808.83
2025-09-16,16644.29
2025-09-17,16582.44
2025-09-18,16718.34
2025-09-19,16710.77
2025-09-22,16666.58
2025-09-23,16748.99
2025-09-24,16663.84
2025-09-25,16590.95
2025-09-26,16768.26
2025-09-29,16795.57
2025-09-30,16832.04
2025-10-01,16995.78
2025-10-02,17178.24
2025-10-03,17232.15
2025-10-06,16996.82
2025-10-07,16998.79
2025-10-08,17175.85
2025-10-09,17146.04
2025-10-10,16882.52
2025-10-13,16916.59
2025-10-14,16894.3
2025-10-15,17198.5
2025-10-16,17422.34
2025-10-17,17377.79
2025-10-20,17448.66
2025-10-21,17554.8
2025-10-22,17466.16
2025-10-23,17509.08
2025-10-24,17513.2
2025-10-27,17530.62
2025-10-28,17478.92
2025-10-29,17444.2
2025-10-30,17352.98
2025-10-31,17281.87
2025-11-03,17254.09
2025-11-04,17160.82
2025-11-05,17169.92
2025-11-06,16936.7
2025-11-07,16901.69
2025-11-10,17121.08
2025-11-11,17330.34
2025-11-12,17504.05
2025-11-13,17488.27
2025-11-14,17363.59
2025-11-17,17258.95
2025-11-18,16944.92
2025-11-19,16920.07
2025-11-20,16967.62
2025-11-21,16969.41
2025-11-24,16938.9
2025-11-25,17077.92
2025-11-26,17222.1
2025-11-27,17240.02
2025-11-28,17289.94
2025-12-01,17237.64
2025-12-02,17199.08
2025-12-03,17218.34
2025-12-04,17290.24
2025-12-05,17283.15
2025-12-08,17271.54
2025-12-09,17161.7
2025-12-10,17100.4
2025-12-11,17236.95
2025-12-12,17203.11
2025-12-15,17318.93
2025-12-16,17274.11
2025-12-17,17227.46
2025-12-18,17362.45
2025-12-19,17363.6
2025-12-22,17322.15
2025-12-23,17288.6
2025-12-24,17289.93
2025-12-29,17313.99
2025-12-30,17430.17
2025-12-31,17412.54
2026-01-02,17502.53
2026-01-05,17544.07
2026-01-06,17593.8
2026-01-07,17609.44
2026-01-08,17614.39
2026-01-09,17850.73
2026-01-12,17841.71
2026-01-13,17810.79
2026-01-14,17789.24
2026-01-15,17756.49
2026-01-16,17641.46
2026-01-19,17346.75
2026-01-20,17241.94
2026-01-21,17261.31
2026-01-22,17434.29
2026-01-23,17424.45
2026-01-26,17395.04
2026-01-27,17440.16
2026-01-28,17274.67
2026-01-29,17275.06
2026-01-30,17382.26
2026-02-02,17494.85
2026-02-03,17495.7
2026-02-04,17662.4
2026-02-05,17613.55
2026-02-06,17684.73
2026-02-09,17796.42
2026-02-10,17818.76
2026-02-11,17777.0
2026-02-12,17825.89
2026-02-13,17773.08
2026-02-16,17781.9
2026-02-17,17882.97
2026-02-18,18022.37
2026-02-19,17966.64
2026-02-20,18202.71
2026-02-23,18152.1
2026-02-24,18206.49
2026-02-25,18289.09
2026-02-26,18416.68
2026-02-27,18339.55
2026-03-02,17954.36
2026-03-03,17335.26
2026-03-04,17482.74
2026-03-05,17221.74
2026-03-06,17104.93
2026-03-09,16931.0
2026-03-10,17237.0
2026-03-11,17193.35
2026-03-12,17071.1
2026-03-13,16916.16
2026-03-16,16972.11
2026-03-17,17060.75
2026-03-18,17058.01
2026-03-19,16711.4
2026-03-20,16410.04
2026-03-23,16531.82
2026-03-24,16558.93
2026-03-25,16777.65
2026-03-26,16608.35
2026-03-27,16464.02
2026-03-30,16612.8
2026-03-31,16738.29
2026-04-01,17096.93
2026-04-02,17060.94
2026-04-07,16947.37
2026-04-08,17691.61
2026-04-09,17647.96
2026-04-10,17679.7
2026-04-13,17627.53
2026-04-14,17831.59
2026-04-15,17736.33
2026-04-16,17722.87
2026-04-17,18040.21
2026-04-20,17842.91
2026-04-21,17688.7
2026-04-22,17526.56
2026-04-23,17654.61
2026-04-24,17516.02
2026-04-27,17481.82
2026-04-28,17429.26
2026-04-29,17379.29
2026-04-30,17513.8
2026-05-04,17261.67
2026-05-05,17506.05
2026-05-06,18004.04
2026-05-07,17787.19
2026-05-08,17611.36
2026-05-11,17579.45
2026-05-12,17410.57
2026-05-13,17482.25
2026-05-14,17645.73
2026-05-15,17372.8
2026-05-18,17478.73
2026-05-19,17461.79
2026-05-20,17755.72
2026-05-21,17700.64
2026-05-22,17775.2
2026-05-25,18083.83
2026-05-26,17942.97
2026-05-27,18009.94
2026-05-28,17990.86
2026-05-29,17986.17
2026-06-01,17901.09
2026-06-02,18004.26
2026-06-03,17884.91
2026-06-04,18081.28
2026-06-05,18016.64
2026-06-08,17988.04
2026-06-09,17971.66
2026-06-10,17882.45
2026-06-11,17967.65
2026-06-12,18286.64
2026-06-15,18357.67
2026-06-16,18475.21
2026-06-17,18450.54
2026-06-18,18507.43
2026-06-19,18411.78
2026-06-22,18366.47
2026-06-23,18238.73
2026-06-24,18313.51
2026-06-25,18399.21
2026-06-26,18308.57
2026-06-29,18269.02
2026-06-30,18380.38
2026-07-01,18256.58
2026-07-02,18558.36
2026-07-03,18654.23
2026-07-06,18594.62
2026-07-07,18489.04
2026-07-08,18097.45
2026-07-09,18250.31
2026-07-10,18272.82
2026-07-13,18332.05
2026-07-14,18337.0
2026-07-15,18375.0
2026-07-16,18364.2
2026-07-17,18284.7
2026-07-20,18283.52
2026-07-21,18329.47
