Nom,CAC 40
ISIN,FR0003500008
Symbole,CAC
Source,https://markets.ft.com/data/indices/tearsheet/summary?s=CAC%3APAR
Date,Close
1988-01-31,893.82
1988-02-29,1112.58
1988-03-31,1016.71
1988-04-30,1127.54
1988-05-31,1235.78
1988-06-30,1320.17
1988-07-31,1320.55
1988-08-31,1291.45
1988-09-30,1417.32
1988-10-31,1495.96
1988-11-30,1480.75
1988-12-31,1573.94
1989-01-31,1654.99
1989-02-28,1580.07
1989-03-31,1644.81
1989-04-30,1680.53
1989-05-31,1729.65
1989-06-30,1727.86
1989-07-31,1814.19
1989-08-31,1875.92
1989-09-30,1906.12
1989-10-31,1819.51
1989-11-30,1890.43
1989-12-31,2001.08
1990-01-31,1882.88
1990-02-28,1849.68
1990-03-31,1971.79
1990-04-30,2046.46
1990-05-31,2107.51
1990-06-30,2035.03
1990-07-31,1965.57
1990-08-31,1690.17
1990-09-30,1491.76
1990-10-31,1645.57
1990-11-30,1605.12
1990-12-31,1517.93
1991-01-31,1580.67
1991-02-28,1759.79
1991-03-31,1816.36
1991-04-30,1779.18
1991-05-31,1861.78
1991-06-30,1747.62
1991-07-31,1754.73
1991-08-31,1864.26
1991-09-30,1880.59
1991-10-31,1856.67
1991-11-30,1739.7
1991-12-31,1765.66
1992-01-31,1875.25
1992-02-29,1983.38
1992-03-31,1942.43
1992-04-30,2031.14
1992-05-31,2033.29
1992-06-30,1900.63
1992-07-31,1754.67
1992-08-31,1684.88
1992-09-30,1736.73
1992-10-31,1742.4
1992-11-30,1771.37
1992-12-31,1857.78
1993-01-31,1772.21
1993-02-28,1983.71
1993-03-31,2031.38
1993-04-30,1939.03
1993-05-31,1888.7
1993-06-30,1971.87
1993-07-31,2085.88
1993-08-31,2216.49
1993-09-30,2114.63
1993-10-31,2181.95
1993-11-30,2110.09
1993-12-31,2268.22
1994-01-31,2334.36
1994-02-28,2238.06
1994-03-31,2081.94
1994-04-30,2165.96
1994-05-31,2029.9
1994-06-30,1892.0
1994-07-31,2074.99
1994-08-31,2069.08
1994-09-30,1879.25
1994-10-31,1905.69
1994-11-30,1975.94
1994-12-31,1881.15
1995-01-31,1797.9
1995-02-28,1776.85
1995-03-31,1859.48
1995-04-30,1918.46
1995-05-31,1947.95
1995-06-30,1858.82
1995-07-31,1920.04
1995-08-31,1883.39
1995-09-30,1788.35
1995-10-31,1814.01
1995-11-30,1828.28
1995-12-31,1871.97
1996-01-31,2021.03
1996-02-29,1990.77
1996-03-31,2044.77
1996-04-30,2146.79
1996-05-31,2110.06
1996-06-30,2123.7
1996-07-31,1995.89
1996-08-31,1970.61
1996-09-30,2132.81
1996-10-31,2140.51
1996-11-30,2315.66
1996-12-31,2315.73
1997-01-31,2516.56
1997-02-28,2607.55
1997-03-31,2656.68
1997-04-30,2639.46
1997-05-31,2583.94
1997-06-30,2858.26
1997-07-31,3075.67
1997-08-31,2770.49
1997-09-30,3008.26
1997-10-31,2739.3
1997-11-30,2859.19
1997-12-31,2998.91
1998-01-31,3172.14
1998-02-28,3421.92
1998-03-31,3875.81
1998-04-30,3880.92
1998-05-31,4041.16
1998-06-30,4203.45
1998-07-31,4177.31
1998-08-31,3651.85
1998-09-30,3197.95
1998-10-31,3522.93
1998-11-30,3843.38
1998-12-31,3942.66
1999-01-31,4251.8
1999-02-28,4092.94
1999-03-31,4197.88
1999-04-30,4405.35
1999-05-31,4351.29
1999-06-30,4536.61
1999-07-31,4382.06
1999-08-31,4589.22
1999-09-30,4591.42
1999-10-31,4888.62
1999-11-30,5341.62
1999-12-31,5958.32
2000-01-31,5659.81
2000-02-29,6190.96
2000-03-31,6286.05
2000-04-30,6419.72
2000-05-31,6426.26
2000-06-30,6446.54
2000-07-31,6542.49
2000-08-31,6625.42
2000-09-30,6266.63
2000-10-31,6397.66
2000-11-30,5928.08
2000-12-31,5926.42
2001-01-31,5998.49
2001-02-28,5367.48
2001-03-31,5180.45
2001-04-30,5640.03
2001-05-31,5454.19
2001-06-30,5225.33
2001-07-31,5085.51
2001-08-31,4689.34
2001-09-30,4079.02
2001-10-31,4341.29
2001-11-30,4476.06
2001-12-31,4624.58
2002-01-31,4461.87
2002-02-28,4462.99
2002-03-31,4688.02
2002-04-30,4462.74
2002-05-31,4274.64
2002-06-30,3897.99
2002-07-31,3415.38
2002-08-31,3366.21
2002-09-30,2777.45
2002-10-31,3150.04
2002-11-30,3326.65
2002-12-31,3063.91
2003-01-31,2937.88
2003-02-28,2754.07
2003-03-31,2618.46
2003-04-30,2953.67
2003-05-31,2991.75
2003-06-30,3084.1
2003-07-31,3210.27
2003-08-31,3311.42
2003-09-30,3134.99
2003-10-31,3373.2
2003-11-30,3424.79
2003-12-31,3557.9
2004-01-31,3638.44
2004-02-29,3725.44
2004-03-31,3625.23
2004-04-30,3674.28
2004-05-31,3669.63
2004-06-30,3732.99
2004-07-31,3647.1
2004-08-31,3594.28
2004-09-30,3640.61
2004-10-31,3706.82
2004-11-30,3753.75
2004-12-31,3821.16
2005-01-31,3913.69
2005-02-28,4027.16
2005-03-31,4067.78
2005-04-30,3911.71
2005-05-31,4120.73
2005-06-30,4229.35
2005-07-31,4451.74
2005-08-31,4399.36
2005-09-30,4600.02
2005-10-31,4436.45
2005-11-30,4567.41
2005-12-31,4715.23
2006-01-31,4947.99
2006-02-28,5000.45
2006-03-31,5220.85
2006-04-30,5188.4
2006-05-31,4930.18
2006-06-30,4965.96
2006-07-31,5009.42
2006-08-31,5165.04
2006-09-30,5250.01
2006-10-31,5348.73
2006-11-30,5327.64
2006-12-31,5541.76
2007-01-31,5608.31
2007-02-28,5516.32
2007-03-31,5634.16
2007-04-30,5960.04
2007-05-31,6104.0
2007-06-30,6054.93
2007-07-31,5751.08
2007-08-31,5662.7
2007-09-30,5715.69
2007-10-31,5847.95
2007-11-30,5670.57
2007-12-31,5614.08
2008-01-31,4869.79
2008-02-29,4790.66
2008-03-31,4707.07
2008-04-30,4996.54
2008-05-31,5014.28
2008-06-30,4434.85
2008-07-31,4392.36
2008-08-31,4482.6
2008-09-30,4032.1
2008-10-31,3487.07
2008-11-30,3262.68
2008-12-31,3217.97
2009-01-31,2973.92
2009-02-28,2702.48
2009-03-31,2807.34
2009-04-30,3159.85
2009-05-31,3277.65
2009-06-30,3140.44
2009-07-31,3426.27
2009-08-31,3653.54
2009-09-30,3795.41
2009-10-31,3607.69
2009-11-30,3680.15
2009-12-31,3936.33
2010-01-31,3739.46
2010-02-28,3708.8
2010-03-31,3974.01
2010-04-30,3816.99
2010-05-31,3507.56
2010-06-30,3442.89
2010-07-31,3643.14
2010-08-31,3490.79
2010-09-30,3715.18
2010-10-31,3833.5
2010-11-30,3610.44
2010-12-31,3804.78
2011-01-31,4005.5
2011-02-28,4110.35
2011-03-31,3989.18
2011-04-30,4106.92
2011-05-31,4006.94
2011-06-30,3982.21
2011-07-31,3671.28
2011-08-31,3256.76
2011-09-30,2981.96
2011-10-31,3242.84
2011-11-30,3154.62
2011-12-31,3159.81
2012-01-31,3298.55
2012-02-29,3452.45
2012-03-31,3423.81
2012-04-30,3212.8
2012-05-31,3017.01
2012-06-30,3196.65
2012-07-31,3291.66
2012-08-31,3413.07
2012-09-30,3354.82
2012-10-31,3429.27
2012-11-30,3557.28
2012-12-31,3641.07
2013-01-31,3732.6
2013-02-28,3723.0
2013-03-31,3731.42
2013-04-30,3856.75
2013-05-31,3948.59
2013-06-30,3738.91
2013-07-31,3992.69
2013-08-31,3933.78
2013-09-30,4143.44
2013-10-31,4299.89
2013-11-30,4295.21
2013-12-31,4295.95
2014-01-31,4165.72
2014-02-28,4408.08
2014-03-31,4391.5
2014-04-30,4487.39
2014-05-31,4519.57
2014-06-30,4422.84
2014-07-31,4246.14
2014-08-31,4381.04
2014-09-30,4416.24
2014-10-31,4233.09
2014-11-30,4390.18
2014-12-31,4272.75
2015-01-31,4604.25
2015-02-28,4951.48
2015-03-31,5033.64
2015-04-30,5046.49
2015-05-31,5007.89
2015-06-30,4790.2
2015-07-31,5082.61
2015-08-31,4652.95
2015-09-30,4455.29
2015-10-31,4897.66
2015-11-30,4957.6
2015-12-31,4637.06
2016-01-31,4417.02
2016-02-29,4353.55
2016-03-31,4385.06
2016-04-30,4428.96
2016-05-31,4505.62
2016-06-30,4237.48
2016-07-31,4439.81
2016-08-31,4438.22
2016-09-30,4448.26
2016-10-31,4509.26
2016-11-30,4578.34
2016-12-31,4862.31
2017-01-31,4748.9
2017-02-28,4858.58
2017-03-31,5122.51
2017-04-30,5267.33
2017-05-31,5283.63
2017-06-30,5120.68
2017-07-31,5093.77
2017-08-31,5085.59
2017-09-30,5329.81
2017-10-31,5503.29
2017-11-30,5372.79
2017-12-31,5312.56
2018-01-31,5481.93
2018-02-28,5320.49
2018-03-31,5167.3
2018-04-30,5520.5
2018-05-31,5398.4
2018-06-30,5323.53
2018-07-31,5511.3
2018-08-31,5406.85
2018-09-30,5493.49
2018-10-31,5093.44
2018-11-30,5003.92
2018-12-31,4730.69
2019-01-31,4992.72
2019-02-28,5240.53
2019-03-31,5350.53
2019-04-30,5586.41
2019-05-31,5207.63
2019-06-30,5538.97
2019-07-31,5518.9
2019-08-31,5480.48
2019-09-30,5677.79
2019-10-31,5729.86
2019-11-30,5905.17
2019-12-31,5978.06
2020-01-31,5806.34
2020-02-29,5309.9
2020-03-31,4396.12
2020-04-30,4572.18
2020-05-31,4695.44
2020-06-30,4935.99
2020-07-31,4783.69
2020-08-31,4947.22
2020-09-30,4803.44
2020-10-31,4594.24
2020-11-30,5518.55
2020-12-31,5551.41
2021-01-31,5399.21
2021-02-28,5703.22
2021-03-31,6067.23
2021-04-30,6269.48
2021-05-31,6447.17
2021-06-30,6507.83
2021-07-31,6612.76
2021-08-31,6680.18
2021-09-30,6520.01
2021-10-31,6830.34
2021-11-30,6721.16
2021-12-31,7153.03
2022-01-31,6999.2
2022-02-28,6658.83
2022-03-31,6659.87
2022-04-30,6533.77
2022-05-31,6468.8
2022-06-30,5922.86
2022-07-31,6448.5
2022-08-31,6125.1
2022-09-30,5762.34
2022-10-31,6266.77
2022-11-30,6738.55
2022-12-31,6473.76
2023-01-31,7082.42
2023-02-28,7267.93
2023-03-31,7322.39
2023-04-30,7491.5
2023-05-31,7098.7
2023-06-30,7400.06
2023-07-31,7497.78
2023-08-31,7316.7
2023-09-30,7135.06
2023-10-31,6885.65
2023-11-30,7310.77
2023-12-31,7543.18
2024-01-31,7656.75
2024-02-29,7927.43
2024-03-31,8205.81
2024-04-30,7984.93
2024-05-31,7992.87
2024-06-30,7479.4
2024-07-31,7531.49
2024-08-31,7630.95
2024-09-30,7635.75
2024-10-31,7350.37
2024-11-30,7235.11
2024-12-31,7380.74
2025-01-31,7950.17
2025-02-28,8111.63
2025-03-31,7790.71
2025-04-30,7593.87
2025-05-31,7751.89
2025-06-30,7665.91
2025-07-31,7771.97
2025-08-31,7703.9
2025-09-30,7895.94
2025-10-31,8121.07
2025-11-30,8122.71
2025-12-31,8149.5
2026-01-31,8126.53
2026-02-28,8580.75
2026-03-31,7816.94
2026-04-30,8114.84
2026-05-31,8183.34
2026-06-30,8403.99
