Nom,CAC 40 Gross Return
ISIN,QS0011131834
Symbole,PX1GR
Source,https://markets.ft.com/data/indices/tearsheet/summary?s=PX1GR%3APAR
Date,Close
1988-01-31,894.4
1988-02-29,1113.97
1988-03-31,1018.53
1988-04-30,1130.7
1988-05-31,1242.26
1988-06-30,1340.31
1988-07-31,1361.62
1988-08-31,1333.52
1988-09-30,1462.79
1988-10-31,1543.97
1988-11-30,1524.75
1988-12-31,1623.5
1989-01-31,1707.78
1989-02-28,1631.12
1989-03-31,1698.49
1989-04-30,1736.63
1989-05-31,1791.89
1989-06-30,1810.91
1989-07-31,1924.13
1989-08-31,1991.02
1989-09-30,2023.07
1989-10-31,1931.15
1989-11-30,2007.05
1989-12-31,2124.53
1990-01-31,1999.63
1990-02-28,1964.63
1990-03-31,2095.05
1990-04-30,2175.71
1990-05-31,2244.35
1990-06-30,2195.4
1990-07-31,2145.42
1990-08-31,1845.25
1990-09-30,1628.63
1990-10-31,1796.56
1990-11-30,1753.15
1990-12-31,1657.91
1991-01-31,1729.08
1991-02-28,1925.31
1991-03-31,1987.87
1991-04-30,1948.53
1991-05-31,2040.25
1991-06-30,1938.74
1991-07-31,1982.92
1991-08-31,2106.7
1991-09-30,2125.15
1991-10-31,2098.12
1991-11-30,1966.76
1991-12-31,1996.1
1992-01-31,2120.8
1992-02-29,2243.27
1992-03-31,2197.66
1992-04-30,2299.3
1992-05-31,2304.84
1992-06-30,2189.0
1992-07-31,2048.33
1992-08-31,1966.86
1992-09-30,2027.39
1992-10-31,2034.0
1992-11-30,2068.66
1992-12-31,2169.57
1993-01-31,2070.47
1993-02-28,2318.12
1993-03-31,2374.51
1993-04-30,2267.86
1993-05-31,2211.64
1993-06-30,2351.61
1993-07-31,2514.73
1993-08-31,2672.2
1993-09-30,2549.39
1993-10-31,2630.56
1993-11-30,2544.68
1993-12-31,2735.38
1994-01-31,2815.97
1994-02-28,2699.97
1994-03-31,2512.28
1994-04-30,2615.14
1994-05-31,2458.1
1994-06-30,2329.34
1994-07-31,2580.45
1994-08-31,2573.1
1994-09-30,2337.04
1994-10-31,2369.93
1994-11-30,2458.45
1994-12-31,2340.49
1995-01-31,2237.76
1995-02-28,2211.71
1995-03-31,2315.16
1995-04-30,2390.29
1995-05-31,2434.24
1995-06-30,2371.28
1995-07-31,2467.34
1995-08-31,2420.19
1995-09-30,2298.09
1995-10-31,2331.03
1995-11-30,2350.54
1995-12-31,2406.75
1996-01-31,2599.03
1996-02-29,2560.25
1996-03-31,2629.7
1996-04-30,2763.73
1996-05-31,2730.87
1996-06-30,2797.3
1996-07-31,2644.11
1996-08-31,2610.6
1996-09-30,2825.48
1996-10-31,2835.73
1996-11-30,3069.07
1996-12-31,3070.84
1997-01-31,3337.76
1997-02-28,3458.65
1997-03-31,3523.8
1997-04-30,3504.2
1997-05-31,3449.37
1997-06-30,3872.62
1997-07-31,4186.01
1997-08-31,3770.64
1997-09-30,4094.26
1997-10-31,3728.24
1997-11-30,3891.42
1997-12-31,4082.82
1998-01-31,4319.05
1998-02-28,4659.35
1998-03-31,5277.42
1998-04-30,5287.5
1998-05-31,5538.27
1998-06-30,5822.28
1998-07-31,5797.96
1998-08-31,5068.63
1998-09-30,4438.64
1998-10-31,4889.7
1998-11-30,5334.52
1998-12-31,5473.6
1999-01-31,5903.12
1999-02-28,5682.73
1999-03-31,5829.04
1999-04-30,6122.06
1999-05-31,6078.59
1999-06-30,6402.5
1999-07-31,6204.14
1999-08-31,6497.42
1999-09-30,6500.58
1999-10-31,6921.36
1999-11-30,7562.72
1999-12-31,8437.21
2000-01-31,8014.51
2000-02-29,8766.83
2000-03-31,8902.19
2000-04-30,9104.88
2000-05-31,9166.8
2000-06-30,9250.71
2000-07-31,9400.49
2000-08-31,9519.64
2000-09-30,9005.37
2000-10-31,9193.61
2000-11-30,8518.78
2000-12-31,8517.6
2001-01-31,8621.18
2001-02-28,7714.3
2001-03-31,7446.25
2001-04-30,8106.84
2001-05-31,7937.88
2001-06-30,7660.84
2001-07-31,7461.12
2001-08-31,6879.89
2001-09-30,5984.44
2001-10-31,6369.18
2001-11-30,6566.9
2001-12-31,6786.03
2002-01-31,6547.3
2002-02-28,6549.0
2002-03-31,6880.22
2002-04-30,6570.54
2002-05-31,6381.15
2002-06-30,5863.81
2002-07-31,5148.33
2002-08-31,5074.24
2002-09-30,4186.76
2002-10-31,4748.41
2002-11-30,5014.63
2002-12-31,4619.7
2003-01-31,4429.66
2003-02-28,4152.54
2003-03-31,3949.11
2003-04-30,4478.01
2003-05-31,4609.79
2003-06-30,4799.65
2003-07-31,4995.98
2003-08-31,5153.4
2003-09-30,4878.83
2003-10-31,5249.55
2003-11-30,5329.83
2003-12-31,5537.81
2004-01-31,5663.87
2004-02-29,5799.31
2004-03-31,5644.15
2004-04-30,5729.68
2004-05-31,5853.68
2004-06-30,6001.95
2004-07-31,5863.86
2004-08-31,5778.94
2004-09-30,5853.75
2004-10-31,5960.21
2004-11-30,6054.53
2004-12-31,6168.94
2005-01-31,6318.85
2005-02-28,6502.05
2005-03-31,6567.64
2005-04-30,6329.85
2005-05-31,6774.6
2005-06-30,6987.7
2005-07-31,7355.58
2005-08-31,7269.04
2005-09-30,7600.6
2005-10-31,7330.33
2005-11-30,7563.11
2005-12-31,7809.8
2006-01-31,8195.33
2006-02-28,8282.21
2006-03-31,8647.26
2006-04-30,8593.5
2006-05-31,8322.89
2006-06-30,8432.64
2006-07-31,8508.85
2006-08-31,8773.17
2006-09-30,8919.85
2006-10-31,9087.57
2006-11-30,9072.74
2006-12-31,9440.04
2007-01-31,9553.41
2007-02-28,9398.24
2007-03-31,9599.01
2007-04-30,10168.15
2007-05-31,10594.3
2007-06-30,10563.7
2007-07-31,10039.5
2007-08-31,9886.74
2007-09-30,9979.26
2007-10-31,10211.5
2007-11-30,9929.65
2007-12-31,9832.9
2008-01-31,8530.39
2008-02-29,8391.77
2008-03-31,8247.09
2008-04-30,8797.11
2008-05-31,9025.67
2008-06-30,8002.5
2008-07-31,7928.95
2008-08-31,8092.22
2008-09-30,7291.78
2008-10-31,6307.68
2008-11-30,5941.56
2008-12-31,5866.91
2009-01-31,5423.27
2009-02-28,4929.6
2009-03-31,5120.88
2009-04-30,5803.84
2009-05-31,6151.27
2009-06-30,5918.47
2009-07-31,6463.24
2009-08-31,6904.87
2009-09-30,7172.99
2009-10-31,6818.21
2009-11-30,6985.51
2009-12-31,7484.93
2010-01-31,7110.56
2010-02-28,7053.64
2010-03-31,7558.03
2010-04-30,7263.16
2010-05-31,6848.55
2010-06-30,6748.15
2010-07-31,7148.5
2010-08-31,6863.27
2010-09-30,7304.45
2010-10-31,7537.07
2010-11-30,7138.02
2010-12-31,7526.34
2011-01-31,7923.39
2011-02-28,8132.42
2011-03-31,7892.68
2011-04-30,8155.62
2011-05-31,8128.33
2011-06-30,8120.03
2011-07-31,7495.99
2011-08-31,6651.51
2011-09-30,6116.31
2011-10-31,6651.41
2011-11-30,6488.3
2011-12-31,6518.67
2012-01-31,6804.88
2012-02-29,7124.3
2012-03-31,7078.17
2012-04-30,6665.06
2012-05-31,6389.53
2012-06-30,6822.01
2012-07-31,7031.0
2012-08-31,7292.39
2012-09-30,7204.33
2012-10-31,7364.2
2012-11-30,7649.44
2012-12-31,7846.44
2013-01-31,8045.75
2013-02-28,8025.59
2013-03-31,8057.54
2013-04-30,8353.64
2013-05-31,8714.04
2013-06-30,8286.19
2013-07-31,8855.03
2013-08-31,8724.39
2013-09-30,9204.08
2013-10-31,9551.62
2013-11-30,9562.51
2013-12-31,9589.71
2014-01-31,9301.11
2014-02-28,9842.25
2014-03-31,9819.86
2014-04-30,10071.44
2014-05-31,10304.07
2014-06-30,10133.93
2014-07-31,9732.89
2014-08-31,10042.1
2014-09-30,10137.79
2014-10-31,9725.87
2014-11-30,10091.9
2014-12-31,9849.44
2015-01-31,10615.84
2015-02-28,11416.45
2015-03-31,11626.11
2015-04-30,11712.07
2015-05-31,11770.28
2015-06-30,11322.71
2015-07-31,12021.75
2015-08-31,11005.48
2015-09-30,10553.49
2015-10-31,11610.92
2015-11-30,11760.34
2015-12-31,11025.92
2016-01-31,10505.26
2016-02-29,10366.75
2016-03-31,10461.67
2016-04-30,10610.35
2016-05-31,10984.21
2016-06-30,10400.4
2016-07-31,10904.93
2016-08-31,10901.03
2016-09-30,10942.12
2016-10-31,11101.18
2016-11-30,11281.9
2016-12-31,12005.34
2017-01-31,11727.63
2017-02-28,12001.04
2017-03-31,12675.36
2017-04-30,13074.04
2017-05-31,13336.88
2017-06-30,12978.71
2017-07-31,12918.48
2017-08-31,12897.74
2017-09-30,13534.83
2017-10-31,13982.49
2017-11-30,13658.19
2017-12-31,13533.27
2018-01-31,13967.67
2018-02-28,13559.19
2018-03-31,13193.11
2018-04-30,14147.17
2018-05-31,14069.56
2018-06-30,13935.39
2018-07-31,14429.61
2018-08-31,14156.8
2018-09-30,14403.33
2018-10-31,13362.28
2018-11-30,13135.45
2018-12-31,12450.81
2019-01-31,13146.7
2019-02-28,13799.69
2019-03-31,14118.08
2019-04-30,14813.93
2019-05-31,14033.94
2019-06-30,14992.26
2019-07-31,14949.61
2019-08-31,14846.19
2019-09-30,15401.49
2019-10-31,15542.73
2019-11-30,16028.49
2019-12-31,16242.1
2020-01-31,15801.32
2020-02-29,14450.31
2020-03-31,11994.8
2020-04-30,12482.89
2020-05-31,12904.55
2020-06-30,13611.91
2020-07-31,13252.47
2020-08-31,13705.5
2020-09-30,13335.41
2020-10-31,12754.63
2020-11-30,15320.71
2020-12-31,15436.4
2021-01-31,15034.98
2021-02-28,15881.56
2021-03-31,16916.51
2021-04-30,17520.17
2021-05-31,18226.85
2021-06-30,18450.28
2021-07-31,18751.02
2021-08-31,18943.15
2021-09-30,18530.62
2021-10-31,19412.63
2021-11-30,19120.9
2021-12-31,20357.8
2022-01-31,19942.84
2022-02-28,18973.97
2022-03-31,18997.73
2022-04-30,18756.09
2022-05-31,18847.62
2022-06-30,17303.51
2022-07-31,18863.1
2022-08-31,17917.08
2022-09-30,16877.53
2022-10-31,18354.97
2022-11-30,19750.64
2022-12-31,18998.47
2023-01-31,20812.92
2023-02-28,21359.5
2023-03-31,21542.88
2023-04-30,22197.17
2023-05-31,21340.42
2023-06-30,22305.82
2023-07-31,22617.82
2023-08-31,22071.55
2023-09-30,21547.82
2023-10-31,20794.62
2023-11-30,22094.57
2023-12-31,22824.9
2024-01-31,23197.96
2024-02-29,24019.57
2024-03-31,24888.03
2024-04-30,24407.51
2024-05-31,24790.06
2024-06-30,23253.34
2024-07-31,23433.09
2024-08-31,23742.54
2024-09-30,23783.25
2024-10-31,22901.87
2024-11-30,22550.65
2024-12-31,23033.78
2025-01-31,24839.76
2025-02-28,25345.74
2025-03-31,24367.82
2025-04-30,23883.15
2025-05-31,24815.5
2025-06-30,24602.35
2025-07-31,24965.69
2025-08-31,24747.05
2025-09-30,25404.61
2025-10-31,26168.86
2025-11-30,26182.52
2025-12-31,26323.56
2026-01-31,26250.66
2026-02-28,27721.07
2026-03-31,25279.47
2026-04-30,26400.92
2026-05-31,27024.2
2026-06-30,27831.03
2026-07-31,27993.14
