Nom,EURO STOXX 50® (Gross Return EUR)
ISIN,CH0102173264
Symbole,SX5GT
Source,https://stoxx.com/index/sx5gt/?factsheet=true
Date,Close
2001-01-31,1001.93
2001-02-28,905.81
2001-03-31,878.58
2001-04-30,952.67
2001-05-31,939.13
2001-06-30,902.47
2001-07-31,870.79
2001-08-31,798.21
2001-09-30,702.93
2001-10-31,742.01
2001-11-30,780.48
2001-12-31,812.06
2002-01-31,783.94
2002-02-28,774.21
2002-03-31,808.82
2002-04-30,766.78
2002-05-31,742.2
2002-06-30,681.23
2002-07-31,584.65
2002-08-31,591.54
2002-09-30,481.3
2002-10-31,550.29
2002-11-30,580.58
2002-12-31,521.95
2003-01-31,492.38
2003-02-28,469.01
2003-03-31,447.02
2003-04-30,513.52
2003-05-31,519.78
2003-06-30,540.92
2003-07-31,564.79
2003-08-31,574.07
2003-09-30,537.95
2003-10-31,578.77
2003-11-30,591.4
2003-12-31,620.71
2004-01-31,639.2
2004-02-29,651.54
2004-03-31,628.61
2004-04-30,632.2
2004-05-31,630.55
2004-06-30,647.53
2004-07-31,627.86
2004-08-31,617.62
2004-09-30,630.48
2004-10-31,650.55
2004-11-30,666.35
2004-12-31,683.76
2005-01-31,692.5
2005-02-28,710.83
2005-03-31,710.22
2005-04-30,687.31
2005-05-31,729.19
2005-06-30,756.96
2005-07-31,792.12
2005-08-31,778.96
2005-09-30,818.27
2005-10-31,793.15
2005-11-30,824.77
2005-12-31,856.35
2006-01-31,884.4
2006-02-28,904.59
2006-03-31,924.72
2006-04-30,924.38
2006-05-31,887.61
2006-06-30,895.36
2006-07-31,906.77
2006-08-31,937.56
2006-09-30,960.0
2006-10-31,986.88
2006-11-30,985.19
2006-12-31,1018.02
2007-01-31,1033.76
2007-02-28,1011.45
2007-03-31,1035.23
2007-04-30,1093.87
2007-05-31,1141.58
2007-06-30,1139.54
2007-07-31,1096.72
2007-08-31,1093.16
2007-09-30,1115.35
2007-10-31,1143.85
2007-11-30,1122.63
2007-12-31,1123.96
2008-01-31,970.19
2008-02-29,953.09
2008-03-31,928.87
2008-04-30,986.98
2008-05-31,996.45
2008-06-30,885.79
2008-07-31,890.57
2008-08-31,891.39
2008-09-30,806.07
2008-10-31,687.92
2008-11-30,649.09
2008-12-31,653.96
2009-01-31,599.1
2009-02-28,529.77
2009-03-31,555.56
2009-04-30,643.09
2009-05-31,678.28
2009-06-30,666.62
2009-07-31,733.07
2009-08-31,772.43
2009-09-30,800.19
2009-10-31,764.85
2009-11-30,782.77
2009-12-31,831.03
2010-01-31,778.96
2010-02-28,766.12
2010-03-31,823.54
2010-04-30,794.08
2010-05-31,752.61
2010-06-30,744.28
2010-07-31,793.47
2010-08-31,760.36
2010-09-30,797.28
2010-10-31,826.13
2010-11-30,773.4
2010-12-31,815.22
2011-01-31,864.32
2011-02-28,881.95
2011-03-31,852.21
2011-04-30,886.56
2011-05-31,861.81
2011-06-30,859.92
2011-07-31,807.25
2011-08-31,696.78
2011-09-30,661.96
2011-10-31,724.96
2011-11-30,711.36
2011-12-31,707.98
2012-01-31,741.3099
2012-02-29,770.85
2012-03-31,760.96
2012-04-30,715.5
2012-05-31,671.02
2012-06-30,720.67
2012-07-31,741.72
2012-08-31,778.75
2012-09-30,785.63
2012-10-31,802.51
2012-11-30,826.15
2012-12-31,846.53
2013-01-31,870.89
2013-02-28,848.72
2013-03-31,846.5
2013-04-30,882.81
2013-05-31,915.17
2013-06-30,862.36
2013-07-31,918.91
2013-08-31,903.68
2013-09-30,962.53
2013-10-31,1021.62
2013-11-30,1030.22
2013-12-31,1038.99
2014-01-31,1009.81
2014-02-28,1055.38
2014-03-31,1061.0
2014-04-30,1078.57
2014-05-31,1111.95
2014-06-30,1109.33
2014-07-31,1072.21
2014-08-31,1092.2
2014-09-30,1112.4
2014-10-31,1075.07
2014-11-30,1124.3
2014-12-31,1090.25
2015-01-31,1163.79
2015-02-28,1250.01
2015-03-31,1285.67
2015-04-30,1263.28
2015-05-31,1266.54
2015-06-30,1217.55
2015-07-31,1281.29
2015-08-31,1164.55
2015-09-30,1105.75
2015-10-31,1220.45
2015-11-30,1253.73
2015-12-31,1169.64
2016-01-31,1092.19
2016-02-29,1057.21
2016-03-31,1079.51
2016-04-30,1095.49
2016-05-31,1127.04
2016-06-30,1058.63
2016-07-31,1106.75
2016-08-31,1119.56
2016-09-30,1113.24
2016-10-31,1134.3699
2016-11-30,1134.95
2016-12-31,1225.03
2017-01-31,1204.27
2017-02-28,1239.43
2017-03-31,1310.27
2017-04-30,1337.1099
2017-05-31,1355.72
2017-06-30,1316.02
2017-07-31,1320.15
2017-08-31,1310.85
2017-09-30,1378.84
2017-10-31,1410.34
2017-11-30,1371.6
2017-12-31,1348.1199
2018-01-31,1390.1
2018-02-28,1326.52
2018-03-31,1298.05
2018-04-30,1375.64
2018-05-31,1346.67
2018-06-30,1344.57
2018-07-31,1397.85
2018-08-31,1346.13
2018-09-30,1350.28
2018-10-31,1271.31
2018-11-30,1262.55
2018-12-31,1196.47
2019-01-31,1263.23
2019-02-28,1319.07
2019-03-31,1343.57
2019-04-30,1417.04
2019-05-31,1344.58
2019-06-30,1425.83
2019-07-31,1425.05
2019-08-31,1409.92
2019-09-30,1470.38
2019-10-31,1486.59
2019-11-30,1528.39
2019-12-31,1547.04
2020-01-31,1506.47
2020-02-29,1379.5
2020-03-31,1156.24
2020-04-30,1218.74
2020-05-31,1278.95
2020-06-30,1361.92
2020-07-31,1341.21
2020-08-31,1384.22
2020-09-30,1352.3599
2020-10-31,1253.72
2020-11-30,1480.52
2020-12-31,1506.95
2021-01-31,1479.18
2021-02-28,1546.84
2021-03-31,1669.25
2021-04-30,1701.43
2021-05-31,1744.53
2021-06-30,1756.81
2021-07-31,1770.04
2021-08-31,1816.67
2021-09-30,1755.43
2021-10-31,1846.44
2021-11-30,1766.98
2021-12-31,1869.62
2022-01-31,1818.29
2022-02-28,1711.1
2022-03-31,1703.81
2022-04-30,1670.01
2022-05-31,1691.42
2022-06-30,1543.5
2022-07-31,1658.81
2022-08-31,1574.4
2022-09-30,1487.14
2022-10-31,1622.51
2022-11-30,1780.39
2022-12-31,1704.63
2023-01-31,1873.87
2023-02-28,1910.13
2023-03-31,1948.56
2023-04-30,1983.33
2023-05-31,1946.53
2023-06-30,2031.28
2023-07-31,2067.31
2023-08-31,1988.25
2023-09-30,1933.12
2023-10-31,1882.25
2023-11-30,2034.32
2023-12-31,2099.78
2024-01-31,2162.2
2024-02-29,2272.07
2024-03-31,2371.56
2024-04-30,2318.3
2024-05-31,2374.34
2024-06-30,2333.6
2024-07-31,2326.88
2024-08-31,2368.82
2024-09-30,2390.82
2024-10-31,2311.6
2024-11-30,2304.1
2024-12-31,2349.0
2025-01-31,2540.18
2025-02-28,2628.68
2025-03-31,2528.88
2025-04-30,2501.9
2025-05-31,2637.56
2025-06-30,2608.55
2025-07-31,2620.69
2025-08-31,2637.64
2025-09-30,2727.77
2025-10-31,2796.73
2025-11-30,2804.98
2025-12-31,2868.21
2026-01-31,2947.9899
2026-02-28,3046.51
2026-03-31,2768.21
2026-04-30,2944.56
2026-05-31,3059.99
2026-06-30,3203.4
