Nom,EURO STOXX 50® (Price Return EUR)
ISIN,EU0009658145
Symbole,SX5E
Source,https://stoxx.com/index/sx5e/?factsheet=true
Date,Close
2001-01-31,4779.9
2001-02-28,4318.88
2001-03-31,4185.0
2001-04-30,4525.01
2001-05-31,4426.24
2001-06-30,4243.91
2001-07-31,4091.38
2001-08-31,3743.97
2001-09-30,3296.66
2001-10-31,3478.63
2001-11-30,3658.27
2001-12-31,3806.13
2002-01-31,3670.26
2002-02-28,3624.74
2002-03-31,3784.05
2002-04-30,3574.23
2002-05-31,3425.79
2002-06-30,3133.39
2002-07-31,2685.79
2002-08-31,2709.29
2002-09-30,2204.39
2002-10-31,2518.9899
2002-11-30,2656.85
2002-12-31,2386.41
2003-01-31,2248.17
2003-02-28,2140.73
2003-03-31,2036.86
2003-04-30,2324.23
2003-05-31,2330.06
2003-06-30,2419.51
2003-07-31,2519.79
2003-08-31,2556.71
2003-09-30,2395.87
2003-10-31,2575.04
2003-11-30,2630.4699
2003-12-31,2760.66
2004-01-31,2839.13
2004-02-29,2893.18
2004-03-31,2787.4899
2004-04-30,2787.48
2004-05-31,2749.62
2004-06-30,2811.08
2004-07-31,2720.05
2004-08-31,2670.79
2004-09-30,2726.3
2004-10-31,2811.7199
2004-11-30,2876.39
2004-12-31,2951.01
2005-01-31,2984.59
2005-02-28,3058.32
2005-03-31,3055.73
2005-04-30,2930.1
2005-05-31,3076.7
2005-06-30,3181.54
2005-07-31,3326.51
2005-08-31,3263.78
2005-09-30,3428.51
2005-10-31,3320.15
2005-11-30,3447.07
2005-12-31,3578.93
2006-01-31,3691.41
2006-02-28,3774.51
2006-03-31,3853.74
2006-04-30,3839.9
2006-05-31,3637.17
2006-06-30,3648.92
2006-07-31,3691.87
2006-08-31,3808.7
2006-09-30,3899.41
2006-10-31,4004.8
2006-11-30,3987.23
2006-12-31,4119.9399
2007-01-31,4178.54
2007-02-28,4087.12
2007-03-31,4181.03
2007-04-30,4392.34
2007-05-31,4512.65
2007-06-30,4489.77
2007-07-31,4315.6899
2007-08-31,4294.56
2007-09-30,4381.71
2007-10-31,4489.79
2007-11-30,4394.95
2007-12-31,4399.72
2008-01-31,3792.8
2008-02-29,3724.5
2008-03-31,3628.06
2008-04-30,3825.02
2008-05-31,3777.85
2008-06-30,3352.81
2008-07-31,3367.82
2008-08-31,3365.63
2008-09-30,3038.2
2008-10-31,2591.76
2008-11-30,2430.31
2008-12-31,2447.62
2009-01-31,2236.98
2009-02-28,1976.23
2009-03-31,2071.13
2009-04-30,2375.34
2009-05-31,2451.2399
2009-06-30,2401.69
2009-07-31,2638.13
2009-08-31,2775.17
2009-09-30,2872.63
2009-10-31,2743.5
2009-11-30,2797.25
2009-12-31,2964.96
2010-01-31,2776.83
2010-02-28,2728.4699
2010-03-31,2931.16
2010-04-30,2816.86
2010-05-31,2610.26
2010-06-30,2573.32
2010-07-31,2742.14
2010-08-31,2622.95
2010-09-30,2747.9
2010-10-31,2844.9899
2010-11-30,2650.9899
2010-12-31,2792.82
2011-01-31,2953.63
2011-02-28,3013.09
2011-03-31,2910.91
2011-04-30,3011.25
2011-05-31,2861.92
2011-06-30,2848.53
2011-07-31,2670.37
2011-08-31,2302.08
2011-09-30,2179.66
2011-10-31,2385.2199
2011-11-30,2330.43
2011-12-31,2316.55
2012-01-31,2416.66
2012-02-29,2512.11
2012-03-31,2477.28
2012-04-30,2306.43
2012-05-31,2118.94
2012-06-30,2264.7199
2012-07-31,2325.7199
2012-08-31,2440.71
2012-09-30,2454.26
2012-10-31,2503.64
2012-11-30,2575.25
2012-12-31,2635.93
2013-01-31,2702.98
2013-02-28,2633.55
2013-03-31,2624.02
2013-04-30,2712.0
2013-05-31,2769.64
2013-06-30,2602.59
2013-07-31,2768.15
2013-08-31,2721.37
2013-09-30,2893.15
2013-10-31,3067.95
2013-11-30,3086.64
2013-12-31,3109.0
2014-01-31,3013.96
2014-02-28,3149.23
2014-03-31,3161.6
2014-04-30,3198.39
2014-05-31,3244.6
2014-06-30,3228.2399
2014-07-31,3115.51
2014-08-31,3172.63
2014-09-30,3225.93
2014-10-31,3113.32
2014-11-30,3250.93
2014-12-31,3146.43
2015-01-31,3351.44
2015-02-28,3599.0
2015-03-31,3697.38
2015-04-30,3615.59
2015-05-31,3570.78
2015-06-30,3424.3
2015-07-31,3600.69
2015-08-31,3269.63
2015-09-30,3100.67
2015-10-31,3418.23
2015-11-30,3506.45
2015-12-31,3267.52
2016-01-31,3045.09
2016-02-29,2945.75
2016-03-31,3004.93
2016-04-30,3028.21
2016-05-31,3063.48
2016-06-30,2864.7399
2016-07-31,2990.76
2016-08-31,3023.13
2016-09-30,3002.2399
2016-10-31,3055.25
2016-11-30,3051.61
2016-12-31,3290.52
2017-01-31,3230.68
2017-02-28,3319.61
2017-03-31,3500.93
2017-04-30,3559.59
2017-05-31,3554.59
2017-06-30,3441.88
2017-07-31,3449.36
2017-08-31,3421.47
2017-09-30,3594.85
2017-10-31,3673.95
2017-11-30,3569.93
2017-12-31,3503.96
2018-01-31,3609.29
2018-02-28,3438.96
2018-03-31,3361.5
2018-04-30,3536.52
2018-05-31,3406.65
2018-06-30,3395.6
2018-07-31,3525.49
2018-08-31,3392.9
2018-09-30,3399.2
2018-10-31,3197.51
2018-11-30,3173.13
2018-12-31,3001.42
2019-01-31,3159.43
2019-02-28,3298.26
2019-03-31,3351.71
2019-04-30,3514.62
2019-05-31,3280.43
2019-06-30,3473.69
2019-07-31,3466.85
2019-08-31,3426.76
2019-09-30,3569.45
2019-10-31,3604.41
2019-11-30,3703.58
2019-12-31,3745.15
2020-01-31,3640.91
2020-02-29,3329.4899
2020-03-31,2786.9
2020-04-30,2927.93
2020-05-31,3050.2
2020-06-30,3234.07
2020-07-31,3174.32
2020-08-31,3272.51
2020-09-30,3193.61
2020-10-31,2958.21
2020-11-30,3492.54
2020-12-31,3552.64
2021-01-31,3481.44
2021-02-28,3636.44
2021-03-31,3919.21
2021-04-30,3974.74
2021-05-31,4039.46
2021-06-30,4064.3
2021-07-31,4089.3
2021-08-31,4196.41
2021-09-30,4048.08
2021-10-31,4250.56
2021-11-30,4063.06
2021-12-31,4298.41
2022-01-31,4174.6
2022-02-28,3924.23
2022-03-31,3902.52
2022-04-30,3802.86
2022-05-31,3789.21
2022-06-30,3454.86
2022-07-31,3708.1
2022-08-31,3517.25
2022-09-30,3318.2
2022-10-31,3617.54
2022-11-30,3964.72
2022-12-31,3793.62
2023-01-31,4163.45
2023-02-28,4238.38
2023-03-31,4315.05
2023-04-30,4359.31
2023-05-31,4218.04
2023-06-30,4399.09
2023-07-31,4471.31
2023-08-31,4297.11
2023-09-30,4174.66
2023-10-31,4061.12
2023-11-30,4382.47
2023-12-31,4521.4399
2024-01-31,4648.4
2024-02-29,4877.77
2024-03-31,5083.42
2024-04-30,4921.22
2024-05-31,4983.67
2024-06-30,4894.02
2024-07-31,4872.9399
2024-08-31,4957.9799
2024-09-30,5000.45
2024-10-31,4827.63
2024-11-30,4804.4
2024-12-31,4895.9799
2025-01-31,5286.87
2025-02-28,5463.54
2025-03-31,5248.39
2025-04-30,5160.22
2025-05-31,5366.59
2025-06-30,5303.24
2025-07-31,5319.92
2025-08-31,5351.7299
2025-09-30,5529.96
2025-10-31,5662.04
2025-11-30,5668.17
2025-12-31,5791.41
2026-01-31,5947.81
2026-02-28,6138.41
2026-03-31,5569.7299
2026-04-30,5881.51
2026-05-31,6050.54
2026-06-30,6328.09
