Nom,STOXX® Europe 600 (Gross Return EUR)
ISIN,CH0102635015
Symbole,SXXGR
Source,https://stoxx.com/index/sxxgr/?factsheet=true
Date,Close
2001-01-31,101.24
2001-02-28,93.74
2001-03-31,90.28
2001-04-30,96.27
2001-05-31,96.72
2001-06-30,93.33
2001-07-31,89.89
2001-08-31,84.63
2001-09-30,75.79
2001-10-31,79.04
2001-11-30,82.4
2001-12-31,85.21
2002-01-31,83.48
2002-02-28,82.86
2002-03-31,86.9
2002-04-30,83.64
2002-05-31,80.72
2002-06-30,73.67
2002-07-31,66.09
2002-08-31,66.08
2002-09-30,56.79
2002-10-31,62.16
2002-11-30,64.99
2002-12-31,58.98
2003-01-31,55.31
2003-02-28,53.31
2003-03-31,51.98
2003-04-30,57.78
2003-05-31,58.61
2003-06-30,60.66
2003-07-31,63.2
2003-08-31,64.48
2003-09-30,62.17
2003-10-31,66.64
2003-11-30,67.27
2003-12-31,69.1
2004-01-31,71.11
2004-02-29,73.27
2004-03-31,71.76
2004-04-30,72.87
2004-05-31,72.8
2004-06-30,74.09
2004-07-31,72.79
2004-08-31,72.18
2004-09-30,73.51
2004-10-31,74.34
2004-11-30,76.39
2004-12-31,77.86
2005-01-31,79.71
2005-02-28,82.18
2005-03-31,81.81
2005-04-30,80.42
2005-05-31,84.54
2005-06-30,87.5
2005-07-31,90.46
2005-08-31,90.67
2005-09-30,94.74
2005-10-31,92.53
2005-11-30,95.66
2005-12-31,99.07
2006-01-31,102.66
2006-02-28,104.97
2006-03-31,107.51
2006-04-30,108.63
2006-05-31,103.78
2006-06-30,104.68
2006-07-31,106.53
2006-08-31,109.7
2006-09-30,111.96
2006-10-31,115.94
2006-11-30,115.71
2006-12-31,120.18
2007-01-31,122.71
2007-02-28,120.31
2007-03-31,123.82
2007-04-30,128.73
2007-05-31,133.11
2007-06-30,132.41
2007-07-31,127.94
2007-08-31,126.89
2007-09-30,127.62
2007-10-31,131.33
2007-11-30,125.47
2007-12-31,123.58
2008-01-31,109.28
2008-02-29,108.38
2008-03-31,104.38
2008-04-30,111.07
2008-05-31,112.06
2008-06-30,100.89
2008-07-31,99.03
2008-08-31,100.85
2008-09-30,89.73
2008-10-31,77.9
2008-11-30,72.66
2008-12-31,69.93
2009-01-31,67.52
2009-02-28,61.27
2009-03-31,62.73
2009-04-30,71.84
2009-05-31,75.55
2009-06-30,74.9
2009-07-31,81.95
2009-08-31,86.21
2009-09-30,88.65
2009-10-31,86.68
2009-11-30,87.76
2009-12-31,93.25
2010-01-31,90.76
2010-02-28,90.51
2010-03-31,97.39
2010-04-30,96.54
2010-05-31,91.99
2010-06-30,91.58
2010-07-31,96.2099
2010-08-31,94.9
2010-09-30,98.17
2010-10-31,100.61
2010-11-30,99.3
2010-12-31,104.67
2011-01-31,106.39
2011-02-28,109.06
2011-03-31,105.36
2011-04-30,109.08
2011-05-31,109.22
2011-06-30,106.3
2011-07-31,103.44
2011-08-31,92.83
2011-09-30,88.6
2011-10-31,95.45
2011-11-30,94.41
2011-12-31,96.24
2012-01-31,100.27
2012-02-29,104.47
2012-03-31,104.4599
2012-04-30,102.91
2012-05-31,96.93
2012-06-30,101.87
2012-07-31,106.14
2012-08-31,108.4
2012-09-30,109.51
2012-10-31,110.38
2012-11-30,112.81
2012-12-31,114.5
2013-01-31,117.75
2013-02-28,119.14
2013-03-31,121.18
2013-04-30,123.4
2013-05-31,126.13
2013-06-30,119.77
2013-07-31,126.03
2013-08-31,125.39
2013-09-30,131.08
2013-10-31,136.25
2013-11-30,137.68
2013-12-31,139.12
2014-01-31,136.84
2014-02-28,143.73
2014-03-31,142.69
2014-04-30,145.1
2014-05-31,149.15
2014-06-30,148.43
2014-07-31,146.02
2014-08-31,149.01
2014-09-30,149.6399
2014-10-31,147.05
2014-11-30,151.88
2014-12-31,149.97
2015-01-31,160.87
2015-02-28,172.12
2015-03-31,175.1699
2015-04-30,175.55
2015-05-31,178.77
2015-06-30,170.8
2015-07-31,177.6699
2015-08-31,163.07
2015-09-30,156.47
2015-10-31,169.13
2015-11-30,173.9199
2015-12-31,165.2
2016-01-31,154.7
2016-02-29,151.36
2016-03-31,153.59
2016-04-30,156.52
2016-05-31,160.74
2016-06-30,153.04
2016-07-31,158.77
2016-08-31,159.97
2016-09-30,159.82
2016-10-31,158.19
2016-11-30,159.9
2016-12-31,169.12
2017-01-31,168.61
2017-02-28,173.79
2017-03-31,179.78
2017-04-30,183.54
2017-05-31,186.57
2017-06-30,181.9199
2017-07-31,181.3
2017-08-31,179.8899
2017-09-30,186.93
2017-10-31,190.53
2017-11-30,186.71
2017-12-31,188.09
2018-01-31,191.23
2018-02-28,183.98
2018-03-31,180.51
2018-04-30,188.91
2018-05-31,189.53
2018-06-30,188.41
2018-07-31,194.35
2018-08-31,190.22
2018-09-30,190.86
2018-10-31,180.33
2018-11-30,178.58
2018-12-31,168.87
2019-01-31,179.59
2019-02-28,187.07
2019-03-31,191.13
2019-04-30,198.6
2019-05-31,189.21
2019-06-30,197.73
2019-07-31,198.3899
2019-08-31,195.74
2019-09-30,203.01
2019-10-31,205.15
2019-11-30,210.99
2019-12-31,215.52
2020-01-31,213.02
2020-02-29,195.29
2020-03-31,167.12
2020-04-30,178.2
2020-05-31,184.43
2020-06-30,190.16
2020-07-31,188.41
2020-08-31,194.2
2020-09-30,191.5
2020-10-31,181.75
2020-11-30,206.93
2020-12-31,212.31
2021-01-31,210.75
2021-02-28,215.92
2021-03-31,230.0
2021-04-30,235.36
2021-05-31,241.74
2021-06-30,245.43
2021-07-31,250.52
2021-08-31,255.99
2021-09-30,247.62
2021-10-31,259.26
2021-11-30,252.77
2021-12-31,266.49
2022-01-31,256.32
2022-02-28,248.02
2022-03-31,250.78
2022-04-30,249.3
2022-05-31,247.48
2022-06-30,227.69
2022-07-31,245.36
2022-08-31,232.99
2022-09-30,217.94
2022-10-31,231.8
2022-11-30,247.82
2022-12-31,239.48
2023-01-31,255.65
2023-02-28,260.48
2023-03-31,259.96
2023-04-30,266.71
2023-05-31,260.49
2023-06-30,266.86
2023-07-31,272.64
2023-08-31,265.75
2023-09-30,261.38
2023-10-31,251.96
2023-11-30,268.7
2023-12-31,279.0299
2024-01-31,283.16
2024-02-29,288.82
2024-03-31,300.8399
2024-04-30,298.42
2024-05-31,308.86
2024-06-30,305.36
2024-07-31,309.72
2024-08-31,314.55
2024-09-30,313.54
2024-10-31,303.38
2024-11-30,306.87
2024-12-31,305.49
2025-01-31,324.96
2025-02-28,336.1
2025-03-31,323.56
2025-04-30,321.89
2025-05-31,338.14
2025-06-30,334.1
2025-07-31,337.39
2025-08-31,340.62
2025-09-30,345.86
2025-10-31,354.79
2025-11-30,358.26
2025-12-31,368.33
2026-01-31,380.23
2026-02-28,394.95
2026-03-31,365.1
2026-04-30,385.36
2026-05-31,397.68
2026-06-30,408.32
2026-07-31,413.49
