Nom,STOXX® Europe 600 (Price Return EUR)
ISIN,EU0009658202
Symbole,SXXP
Source,https://stoxx.com/index/sxxp/?factsheet=true
Date,Close
2001-01-31,362.33
2001-02-28,335.02
2001-03-31,321.7
2001-04-30,342.02
2001-05-31,341.97
2001-06-30,329.35
2001-07-31,316.95
2001-08-31,297.66
2001-09-30,266.29
2001-10-31,277.41
2001-11-30,288.95
2001-12-31,298.73
2002-01-31,292.45
2002-02-28,289.8399
2002-03-31,303.04
2002-04-30,290.64
2002-05-31,279.0299
2002-06-30,254.04
2002-07-31,227.63
2002-08-31,226.82
2002-09-30,194.76
2002-10-31,213.01
2002-11-30,222.47
2002-12-31,201.72
2003-01-31,189.0
2003-02-28,181.75
2003-03-31,176.41
2003-04-30,194.88
2003-05-31,196.54
2003-06-30,202.94
2003-07-31,211.11
2003-08-31,214.7
2003-09-30,206.86
2003-10-31,221.53
2003-11-30,223.3
2003-12-31,229.31
2004-01-31,235.81
2004-02-29,242.59
2004-03-31,236.59
2004-04-30,239.05
2004-05-31,237.35
2004-06-30,240.86
2004-07-31,236.4
2004-08-31,233.63
2004-09-30,237.74
2004-10-31,240.3
2004-11-30,246.51
2004-12-31,251.11
2005-01-31,256.85
2005-02-28,264.29
2005-03-31,262.19
2005-04-30,256.06
2005-05-31,267.29
2005-06-30,275.92
2005-07-31,285.0299
2005-08-31,284.82
2005-09-30,297.4
2005-10-31,290.29
2005-11-30,299.47
2005-12-31,310.0299
2006-01-31,321.04
2006-02-28,327.88
2006-03-31,334.44
2006-04-30,336.48
2006-05-31,318.86
2006-06-30,320.66
2006-07-31,326.04
2006-08-31,334.73
2006-09-30,341.43
2006-10-31,353.3399
2006-11-30,351.7799
2006-12-31,365.26
2007-01-31,372.72
2007-02-28,365.0299
2007-03-31,374.22
2007-04-30,386.93
2007-05-31,396.74
2007-06-30,393.71
2007-07-31,380.07
2007-08-31,375.94
2007-09-30,377.86
2007-10-31,388.43
2007-11-30,370.36
2007-12-31,364.64
2008-01-31,322.16
2008-02-29,318.95
2008-03-31,305.96
2008-04-30,323.0899
2008-05-31,322.12
2008-06-30,289.39
2008-07-31,283.76
2008-08-31,288.18
2008-09-30,256.05
2008-10-31,222.07
2008-11-30,206.25
2008-12-31,198.36
2009-01-31,191.23
2009-02-28,172.9199
2009-03-31,176.46
2009-04-30,200.23
2009-05-31,208.21
2009-06-30,205.83
2009-07-31,224.91
2009-08-31,236.0
2009-09-30,242.47
2009-10-31,236.93
2009-11-30,239.17
2009-12-31,253.89
2010-01-31,246.96
2010-02-28,245.8
2010-03-31,263.57
2010-04-30,259.91
2010-05-31,244.97
2010-06-30,243.32
2010-07-31,255.35
2010-08-31,251.31
2010-09-30,259.72
2010-10-31,265.96
2010-11-30,261.83
2010-12-31,275.81
2011-01-31,280.05
2011-02-28,286.47
2011-03-31,275.9
2011-04-30,283.7799
2011-05-31,281.06
2011-06-30,272.86
2011-07-31,265.25
2011-08-31,237.43
2011-09-30,226.18
2011-10-31,243.48
2011-11-30,240.08
2011-12-31,244.54
2012-01-31,254.41
2012-02-29,264.32
2012-03-31,263.32
2012-04-30,257.2799
2012-05-31,239.73
2012-06-30,251.17
2012-07-31,261.38
2012-08-31,266.23
2012-09-30,268.48
2012-10-31,270.3
2012-11-30,275.7799
2012-12-31,279.68
2013-01-31,287.22
2013-02-28,289.94
2013-03-31,293.7799
2013-04-30,296.72
2013-05-31,300.88
2013-06-30,285.02
2013-07-31,299.58
2013-08-31,297.32
2013-09-30,310.46
2013-10-31,322.37
2013-11-30,325.16
2013-12-31,328.26
2014-01-31,322.52
2014-02-28,338.02
2014-03-31,334.31
2014-04-30,337.89
2014-05-31,344.24
2014-06-30,341.86
2014-07-31,335.99
2014-08-31,342.0
2014-09-30,343.08
2014-10-31,336.8
2014-11-30,347.25
2014-12-31,342.54
2015-01-31,367.05
2015-02-28,392.21
2015-03-31,397.3
2015-04-30,395.79
2015-05-31,399.87
2015-06-30,381.31
2015-07-31,396.37
2015-08-31,362.79
2015-09-30,347.77
2015-10-31,375.47
2015-11-30,385.43
2015-12-31,365.81
2016-01-31,342.27
2016-02-29,333.92
2016-03-31,337.54
2016-04-30,341.48
2016-05-31,347.45
2016-06-30,329.88
2016-07-31,341.89
2016-08-31,343.5299
2016-09-30,342.92
2016-10-31,338.97
2016-11-30,341.99
2016-12-31,361.42
2017-01-31,360.12
2017-02-28,370.24
2017-03-31,381.14
2017-04-30,387.0899
2017-05-31,389.99
2017-06-30,379.37
2017-07-31,377.85
2017-08-31,373.88
2017-09-30,388.16
2017-10-31,395.22
2017-11-30,386.69
2017-12-31,389.18
2018-01-31,395.46
2018-02-28,379.63
2018-03-31,370.87
2018-04-30,385.32
2018-05-31,383.06
2018-06-30,379.93
2018-07-31,391.61
2018-08-31,382.26
2018-09-30,383.18
2018-10-31,361.61
2018-11-30,357.49
2018-12-31,337.65
2019-01-31,358.67
2019-02-28,372.8
2019-03-31,379.0899
2019-04-30,391.35
2019-05-31,369.06
2019-06-30,384.87
2019-07-31,385.77
2019-08-31,379.48
2019-09-30,393.15
2019-10-31,396.75
2019-11-30,407.43
2019-12-31,415.8399
2020-01-31,410.71
2020-02-29,375.65
2020-03-31,320.06
2020-04-30,340.0299
2020-05-31,350.36
2020-06-30,360.3399
2020-07-31,356.33
2020-08-31,366.51
2020-09-30,361.0899
2020-10-31,342.36
2020-11-30,389.36
2020-12-31,399.0299
2021-01-31,395.85
2021-02-28,404.99
2021-03-31,429.6
2021-04-30,437.39
2021-05-31,446.76
2021-06-30,452.84
2021-07-31,461.74
2021-08-31,470.88
2021-09-30,454.81
2021-10-31,475.51
2021-11-30,462.96
2021-12-31,487.8
2022-01-31,468.88
2022-02-28,453.11
2022-03-31,455.86
2022-04-30,450.39
2022-05-31,443.35
2022-06-30,407.2
2022-07-31,438.29
2022-08-31,415.12
2022-09-30,387.85
2022-10-31,412.2
2022-11-30,440.04
2022-12-31,424.89
2023-01-31,453.21
2023-02-28,461.11
2023-03-31,457.84
2023-04-30,466.64
2023-05-31,451.76
2023-06-30,461.93
2023-07-31,471.35
2023-08-31,458.19
2023-09-30,450.22
2023-10-31,433.66
2023-11-30,461.61
2023-12-31,478.99
2024-01-31,485.67
2024-02-29,494.61
2024-03-31,512.67
2024-04-30,504.89
2024-05-31,518.17
2024-06-30,511.42
2024-07-31,518.1799
2024-08-31,525.05
2024-09-30,522.89
2024-10-31,505.39
2024-11-30,510.25
2024-12-31,507.62
2025-01-31,539.53
2025-02-28,557.19
2025-03-31,533.92
2025-04-30,527.48
2025-05-31,548.67
2025-06-30,541.37
2025-07-31,546.11
2025-08-31,550.14
2025-09-30,558.1799
2025-10-31,571.89
2025-11-30,576.4299
2025-12-31,592.19
2026-01-31,611.0
2026-02-28,633.85
2026-03-31,583.14
2026-04-30,611.28
2026-05-31,626.0
2026-06-30,641.73
